{
  "AssemblyIdentity": "Microsoft.AspNetCore.Hosting.Server.Abstractions, Version=2.0.0.0, Culture=neutral, PublicKeyToken=adb9793829ddae60",
  "Types": [
    {
      "Name": "Microsoft.AspNetCore.Hosting.Server.IHttpApplication<T0>",
      "Visibility": "Public",
      "Kind": "Interface",
      "Abstract": true,
      "ImplementedInterfaces": [],
      "Members": [
        {
          "Kind": "Method",
          "Name": "CreateContext",
          "Parameters": [
            {
              "Name": "contextFeatures",
              "Type": "Microsoft.AspNetCore.Http.Features.IFeatureCollection"
            }
          ],
          "ReturnType": "T0",
          "GenericParameter": []
        },
        {
          "Kind": "Method",
          "Name": "ProcessRequestAsync",
          "Parameters": [
            {
              "Name": "context",
              "Type": "T0"
            }
          ],
          "ReturnType": "System.Threading.Tasks.Task",
          "GenericParameter": []
        },
        {
          "Kind": "Method",
          "Name": "DisposeContext",
          "Parameters": [
            {
              "Name": "context",
              "Type": "T0"
            },
            {
              "Name": "exception",
              "Type": "System.Exception"
            }
          ],
          "ReturnType": "System.Void",
          "GenericParameter": []
        }
      ],
      "GenericParameters": [
        {
          "ParameterName": "TContext",
          "ParameterPosition": 0,
          "BaseTypeOrInterfaces": []
        }
      ]
    },
    {
      "Name": "Microsoft.AspNetCore.Hosting.Server.IServer",
      "Visibility": "Public",
      "Kind": "Interface",
      "Abstract": true,
      "ImplementedInterfaces": [
        "System.IDisposable"
      ],
      "Members": [
        {
          "Kind": "Method",
          "Name": "get_Features",
          "Parameters": [],
          "ReturnType": "Microsoft.AspNetCore.Http.Features.IFeatureCollection",
          "GenericParameter": []
        },
        {
          "Kind": "Method",
          "Name": "StartAsync<T0>",
          "Parameters": [
            {
              "Name": "application",
              "Type": "Microsoft.AspNetCore.Hosting.Server.IHttpApplication<T0>"
            },
            {
              "Name": "cancellationToken",
              "Type": "System.Threading.CancellationToken"
            }
          ],
          "ReturnType": "System.Threading.Tasks.Task",
          "GenericParameter": [
            {
              "ParameterName": "TContext",
              "ParameterPosition": 0,
              "BaseTypeOrInterfaces": []
            }
          ]
        },
        {
          "Kind": "Method",
          "Name": "StopAsync",
          "Parameters": [
            {
              "Name": "cancellationToken",
              "Type": "System.Threading.CancellationToken"
            }
          ],
          "ReturnType": "System.Threading.Tasks.Task",
          "GenericParameter": []
        }
      ],
      "GenericParameters": []
    },
    {
      "Name": "Microsoft.AspNetCore.Hosting.Server.Features.IServerAddressesFeature",
      "Visibility": "Public",
      "Kind": "Interface",
      "Abstract": true,
      "ImplementedInterfaces": [],
      "Members": [
        {
          "Kind": "Method",
          "Name": "get_Addresses",
          "Parameters": [],
          "ReturnType": "System.Collections.Generic.ICollection<System.String>",
          "GenericParameter": []
        },
        {
          "Kind": "Method",
          "Name": "get_PreferHostingUrls",
          "Parameters": [],
          "ReturnType": "System.Boolean",
          "GenericParameter": []
        },
        {
          "Kind": "Method",
          "Name": "set_PreferHostingUrls",
          "Parameters": [
            {
              "Name": "value",
              "Type": "System.Boolean"
            }
          ],
          "ReturnType": "System.Void",
          "GenericParameter": []
        }
      ],
      "GenericParameters": []
    }
  ]
}