{
  "AssemblyIdentity": "Microsoft.AspNetCore.Owin, Version=2.0.0.0, Culture=neutral, PublicKeyToken=adb9793829ddae60",
  "Types": [
    {
      "Name": "Microsoft.AspNetCore.Builder.OwinExtensions",
      "Visibility": "Public",
      "Kind": "Class",
      "Abstract": true,
      "Static": true,
      "Sealed": true,
      "ImplementedInterfaces": [],
      "Members": [
        {
          "Kind": "Method",
          "Name": "UseOwin",
          "Parameters": [
            {
              "Name": "builder",
              "Type": "Microsoft.AspNetCore.Builder.IApplicationBuilder"
            }
          ],
          "ReturnType": "System.Action<System.Func<System.Func<System.Collections.Generic.IDictionary<System.String, System.Object>, System.Threading.Tasks.Task>, System.Func<System.Collections.Generic.IDictionary<System.String, System.Object>, System.Threading.Tasks.Task>>>",
          "Static": true,
          "Extension": true,
          "Visibility": "Public",
          "GenericParameter": []
        },
        {
          "Kind": "Method",
          "Name": "UseOwin",
          "Parameters": [
            {
              "Name": "builder",
              "Type": "Microsoft.AspNetCore.Builder.IApplicationBuilder"
            },
            {
              "Name": "pipeline",
              "Type": "System.Action<System.Action<System.Func<System.Func<System.Collections.Generic.IDictionary<System.String, System.Object>, System.Threading.Tasks.Task>, System.Func<System.Collections.Generic.IDictionary<System.String, System.Object>, System.Threading.Tasks.Task>>>>"
            }
          ],
          "ReturnType": "Microsoft.AspNetCore.Builder.IApplicationBuilder",
          "Static": true,
          "Extension": true,
          "Visibility": "Public",
          "GenericParameter": []
        },
        {
          "Kind": "Method",
          "Name": "UseBuilder",
          "Parameters": [
            {
              "Name": "app",
              "Type": "System.Action<System.Func<System.Func<System.Collections.Generic.IDictionary<System.String, System.Object>, System.Threading.Tasks.Task>, System.Func<System.Collections.Generic.IDictionary<System.String, System.Object>, System.Threading.Tasks.Task>>>"
            }
          ],
          "ReturnType": "Microsoft.AspNetCore.Builder.IApplicationBuilder",
          "Static": true,
          "Extension": true,
          "Visibility": "Public",
          "GenericParameter": []
        },
        {
          "Kind": "Method",
          "Name": "UseBuilder",
          "Parameters": [
            {
              "Name": "app",
              "Type": "System.Action<System.Func<System.Func<System.Collections.Generic.IDictionary<System.String, System.Object>, System.Threading.Tasks.Task>, System.Func<System.Collections.Generic.IDictionary<System.String, System.Object>, System.Threading.Tasks.Task>>>"
            },
            {
              "Name": "serviceProvider",
              "Type": "System.IServiceProvider"
            }
          ],
          "ReturnType": "Microsoft.AspNetCore.Builder.IApplicationBuilder",
          "Static": true,
          "Extension": true,
          "Visibility": "Public",
          "GenericParameter": []
        },
        {
          "Kind": "Method",
          "Name": "UseBuilder",
          "Parameters": [
            {
              "Name": "app",
              "Type": "System.Action<System.Func<System.Func<System.Collections.Generic.IDictionary<System.String, System.Object>, System.Threading.Tasks.Task>, System.Func<System.Collections.Generic.IDictionary<System.String, System.Object>, System.Threading.Tasks.Task>>>"
            },
            {
              "Name": "pipeline",
              "Type": "System.Action<Microsoft.AspNetCore.Builder.IApplicationBuilder>"
            }
          ],
          "ReturnType": "System.Action<System.Func<System.Func<System.Collections.Generic.IDictionary<System.String, System.Object>, System.Threading.Tasks.Task>, System.Func<System.Collections.Generic.IDictionary<System.String, System.Object>, System.Threading.Tasks.Task>>>",
          "Static": true,
          "Extension": true,
          "Visibility": "Public",
          "GenericParameter": []
        },
        {
          "Kind": "Method",
          "Name": "UseBuilder",
          "Parameters": [
            {
              "Name": "app",
              "Type": "System.Action<System.Func<System.Func<System.Collections.Generic.IDictionary<System.String, System.Object>, System.Threading.Tasks.Task>, System.Func<System.Collections.Generic.IDictionary<System.String, System.Object>, System.Threading.Tasks.Task>>>"
            },
            {
              "Name": "pipeline",
              "Type": "System.Action<Microsoft.AspNetCore.Builder.IApplicationBuilder>"
            },
            {
              "Name": "serviceProvider",
              "Type": "System.IServiceProvider"
            }
          ],
          "ReturnType": "System.Action<System.Func<System.Func<System.Collections.Generic.IDictionary<System.String, System.Object>, System.Threading.Tasks.Task>, System.Func<System.Collections.Generic.IDictionary<System.String, System.Object>, System.Threading.Tasks.Task>>>",
          "Static": true,
          "Extension": true,
          "Visibility": "Public",
          "GenericParameter": []
        }
      ],
      "GenericParameters": []
    },
    {
      "Name": "Microsoft.AspNetCore.Owin.IOwinEnvironmentFeature",
      "Visibility": "Public",
      "Kind": "Interface",
      "Abstract": true,
      "ImplementedInterfaces": [],
      "Members": [
        {
          "Kind": "Method",
          "Name": "get_Environment",
          "Parameters": [],
          "ReturnType": "System.Collections.Generic.IDictionary<System.String, System.Object>",
          "GenericParameter": []
        },
        {
          "Kind": "Method",
          "Name": "set_Environment",
          "Parameters": [
            {
              "Name": "value",
              "Type": "System.Collections.Generic.IDictionary<System.String, System.Object>"
            }
          ],
          "ReturnType": "System.Void",
          "GenericParameter": []
        }
      ],
      "GenericParameters": []
    },
    {
      "Name": "Microsoft.AspNetCore.Owin.OwinEnvironment",
      "Visibility": "Public",
      "Kind": "Class",
      "ImplementedInterfaces": [
        "System.Collections.Generic.IDictionary<System.String, System.Object>"
      ],
      "Members": [
        {
          "Kind": "Method",
          "Name": "get_FeatureMaps",
          "Parameters": [],
          "ReturnType": "System.Collections.Generic.IDictionary<System.String, Microsoft.AspNetCore.Owin.OwinEnvironment+FeatureMap>",
          "Visibility": "Public",
          "GenericParameter": []
        },
        {
          "Kind": "Method",
          "Name": "GetEnumerator",
          "Parameters": [],
          "ReturnType": "System.Collections.Generic.IEnumerator<System.Collections.Generic.KeyValuePair<System.String, System.Object>>",
          "Sealed": true,
          "Virtual": true,
          "ImplementedInterface": "System.Collections.Generic.IEnumerable<System.Collections.Generic.KeyValuePair<System.String, System.Object>>",
          "Visibility": "Public",
          "GenericParameter": []
        },
        {
          "Kind": "Constructor",
          "Name": ".ctor",
          "Parameters": [
            {
              "Name": "context",
              "Type": "Microsoft.AspNetCore.Http.HttpContext"
            }
          ],
          "Visibility": "Public",
          "GenericParameter": []
        }
      ],
      "GenericParameters": []
    },
    {
      "Name": "Microsoft.AspNetCore.Owin.OwinEnvironmentFeature",
      "Visibility": "Public",
      "Kind": "Class",
      "ImplementedInterfaces": [
        "Microsoft.AspNetCore.Owin.IOwinEnvironmentFeature"
      ],
      "Members": [
        {
          "Kind": "Method",
          "Name": "get_Environment",
          "Parameters": [],
          "ReturnType": "System.Collections.Generic.IDictionary<System.String, System.Object>",
          "Sealed": true,
          "Virtual": true,
          "ImplementedInterface": "Microsoft.AspNetCore.Owin.IOwinEnvironmentFeature",
          "Visibility": "Public",
          "GenericParameter": []
        },
        {
          "Kind": "Method",
          "Name": "set_Environment",
          "Parameters": [
            {
              "Name": "value",
              "Type": "System.Collections.Generic.IDictionary<System.String, System.Object>"
            }
          ],
          "ReturnType": "System.Void",
          "Sealed": true,
          "Virtual": true,
          "ImplementedInterface": "Microsoft.AspNetCore.Owin.IOwinEnvironmentFeature",
          "Visibility": "Public",
          "GenericParameter": []
        },
        {
          "Kind": "Constructor",
          "Name": ".ctor",
          "Parameters": [],
          "Visibility": "Public",
          "GenericParameter": []
        }
      ],
      "GenericParameters": []
    },
    {
      "Name": "Microsoft.AspNetCore.Owin.OwinFeatureCollection",
      "Visibility": "Public",
      "Kind": "Class",
      "ImplementedInterfaces": [
        "Microsoft.AspNetCore.Http.Features.IFeatureCollection",
        "Microsoft.AspNetCore.Http.Features.IHttpRequestFeature",
        "Microsoft.AspNetCore.Http.Features.IHttpResponseFeature",
        "Microsoft.AspNetCore.Http.Features.IHttpConnectionFeature",
        "Microsoft.AspNetCore.Http.Features.IHttpSendFileFeature",
        "Microsoft.AspNetCore.Http.Features.ITlsConnectionFeature",
        "Microsoft.AspNetCore.Http.Features.IHttpRequestIdentifierFeature",
        "Microsoft.AspNetCore.Http.Features.IHttpRequestLifetimeFeature",
        "Microsoft.AspNetCore.Http.Features.Authentication.IHttpAuthenticationFeature",
        "Microsoft.AspNetCore.Http.Features.IHttpWebSocketFeature",
        "Microsoft.AspNetCore.Owin.IOwinEnvironmentFeature"
      ],
      "Members": [
        {
          "Kind": "Method",
          "Name": "get_Environment",
          "Parameters": [],
          "ReturnType": "System.Collections.Generic.IDictionary<System.String, System.Object>",
          "Sealed": true,
          "Virtual": true,
          "ImplementedInterface": "Microsoft.AspNetCore.Owin.IOwinEnvironmentFeature",
          "Visibility": "Public",
          "GenericParameter": []
        },
        {
          "Kind": "Method",
          "Name": "set_Environment",
          "Parameters": [
            {
              "Name": "value",
              "Type": "System.Collections.Generic.IDictionary<System.String, System.Object>"
            }
          ],
          "ReturnType": "System.Void",
          "Sealed": true,
          "Virtual": true,
          "ImplementedInterface": "Microsoft.AspNetCore.Owin.IOwinEnvironmentFeature",
          "Visibility": "Public",
          "GenericParameter": []
        },
        {
          "Kind": "Method",
          "Name": "get_SupportsWebSockets",
          "Parameters": [],
          "ReturnType": "System.Boolean",
          "Visibility": "Public",
          "GenericParameter": []
        },
        {
          "Kind": "Method",
          "Name": "set_SupportsWebSockets",
          "Parameters": [
            {
              "Name": "value",
              "Type": "System.Boolean"
            }
          ],
          "ReturnType": "System.Void",
          "Visibility": "Public",
          "GenericParameter": []
        },
        {
          "Kind": "Method",
          "Name": "get_Revision",
          "Parameters": [],
          "ReturnType": "System.Int32",
          "Sealed": true,
          "Virtual": true,
          "ImplementedInterface": "Microsoft.AspNetCore.Http.Features.IFeatureCollection",
          "Visibility": "Public",
          "GenericParameter": []
        },
        {
          "Kind": "Method",
          "Name": "get_IsReadOnly",
          "Parameters": [],
          "ReturnType": "System.Boolean",
          "Sealed": true,
          "Virtual": true,
          "ImplementedInterface": "Microsoft.AspNetCore.Http.Features.IFeatureCollection",
          "Visibility": "Public",
          "GenericParameter": []
        },
        {
          "Kind": "Method",
          "Name": "get_Item",
          "Parameters": [
            {
              "Name": "key",
              "Type": "System.Type"
            }
          ],
          "ReturnType": "System.Object",
          "Sealed": true,
          "Virtual": true,
          "ImplementedInterface": "Microsoft.AspNetCore.Http.Features.IFeatureCollection",
          "Visibility": "Public",
          "GenericParameter": []
        },
        {
          "Kind": "Method",
          "Name": "set_Item",
          "Parameters": [
            {
              "Name": "key",
              "Type": "System.Type"
            },
            {
              "Name": "value",
              "Type": "System.Object"
            }
          ],
          "ReturnType": "System.Void",
          "Sealed": true,
          "Virtual": true,
          "ImplementedInterface": "Microsoft.AspNetCore.Http.Features.IFeatureCollection",
          "Visibility": "Public",
          "GenericParameter": []
        },
        {
          "Kind": "Method",
          "Name": "Get",
          "Parameters": [
            {
              "Name": "key",
              "Type": "System.Type"
            }
          ],
          "ReturnType": "System.Object",
          "Visibility": "Public",
          "GenericParameter": []
        },
        {
          "Kind": "Method",
          "Name": "Set",
          "Parameters": [
            {
              "Name": "key",
              "Type": "System.Type"
            },
            {
              "Name": "value",
              "Type": "System.Object"
            }
          ],
          "ReturnType": "System.Void",
          "Visibility": "Public",
          "GenericParameter": []
        },
        {
          "Kind": "Method",
          "Name": "Get<T0>",
          "Parameters": [],
          "ReturnType": "T0",
          "Sealed": true,
          "Virtual": true,
          "ImplementedInterface": "Microsoft.AspNetCore.Http.Features.IFeatureCollection",
          "Visibility": "Public",
          "GenericParameter": [
            {
              "ParameterName": "TFeature",
              "ParameterPosition": 0,
              "BaseTypeOrInterfaces": []
            }
          ]
        },
        {
          "Kind": "Method",
          "Name": "Set<T0>",
          "Parameters": [
            {
              "Name": "instance",
              "Type": "T0"
            }
          ],
          "ReturnType": "System.Void",
          "Sealed": true,
          "Virtual": true,
          "ImplementedInterface": "Microsoft.AspNetCore.Http.Features.IFeatureCollection",
          "Visibility": "Public",
          "GenericParameter": [
            {
              "ParameterName": "TFeature",
              "ParameterPosition": 0,
              "BaseTypeOrInterfaces": []
            }
          ]
        },
        {
          "Kind": "Method",
          "Name": "GetEnumerator",
          "Parameters": [],
          "ReturnType": "System.Collections.Generic.IEnumerator<System.Collections.Generic.KeyValuePair<System.Type, System.Object>>",
          "Sealed": true,
          "Virtual": true,
          "ImplementedInterface": "System.Collections.Generic.IEnumerable<System.Collections.Generic.KeyValuePair<System.Type, System.Object>>",
          "Visibility": "Public",
          "GenericParameter": []
        },
        {
          "Kind": "Method",
          "Name": "Dispose",
          "Parameters": [],
          "ReturnType": "System.Void",
          "Visibility": "Public",
          "GenericParameter": []
        },
        {
          "Kind": "Constructor",
          "Name": ".ctor",
          "Parameters": [
            {
              "Name": "environment",
              "Type": "System.Collections.Generic.IDictionary<System.String, System.Object>"
            }
          ],
          "Visibility": "Public",
          "GenericParameter": []
        }
      ],
      "GenericParameters": []
    },
    {
      "Name": "Microsoft.AspNetCore.Owin.OwinWebSocketAcceptAdapter",
      "Visibility": "Public",
      "Kind": "Class",
      "ImplementedInterfaces": [],
      "Members": [
        {
          "Kind": "Method",
          "Name": "AdaptWebSockets",
          "Parameters": [
            {
              "Name": "next",
              "Type": "System.Func<System.Collections.Generic.IDictionary<System.String, System.Object>, System.Threading.Tasks.Task>"
            }
          ],
          "ReturnType": "System.Func<System.Collections.Generic.IDictionary<System.String, System.Object>, System.Threading.Tasks.Task>",
          "Static": true,
          "Visibility": "Public",
          "GenericParameter": []
        }
      ],
      "GenericParameters": []
    },
    {
      "Name": "Microsoft.AspNetCore.Owin.OwinWebSocketAcceptContext",
      "Visibility": "Public",
      "Kind": "Class",
      "BaseType": "Microsoft.AspNetCore.Http.WebSocketAcceptContext",
      "ImplementedInterfaces": [],
      "Members": [
        {
          "Kind": "Method",
          "Name": "get_SubProtocol",
          "Parameters": [],
          "ReturnType": "System.String",
          "Virtual": true,
          "Override": true,
          "Visibility": "Public",
          "GenericParameter": []
        },
        {
          "Kind": "Method",
          "Name": "set_SubProtocol",
          "Parameters": [
            {
              "Name": "value",
              "Type": "System.String"
            }
          ],
          "ReturnType": "System.Void",
          "Virtual": true,
          "Override": true,
          "Visibility": "Public",
          "GenericParameter": []
        },
        {
          "Kind": "Method",
          "Name": "get_Options",
          "Parameters": [],
          "ReturnType": "System.Collections.Generic.IDictionary<System.String, System.Object>",
          "Visibility": "Public",
          "GenericParameter": []
        },
        {
          "Kind": "Constructor",
          "Name": ".ctor",
          "Parameters": [],
          "Visibility": "Public",
          "GenericParameter": []
        },
        {
          "Kind": "Constructor",
          "Name": ".ctor",
          "Parameters": [
            {
              "Name": "options",
              "Type": "System.Collections.Generic.IDictionary<System.String, System.Object>"
            }
          ],
          "Visibility": "Public",
          "GenericParameter": []
        }
      ],
      "GenericParameters": []
    },
    {
      "Name": "Microsoft.AspNetCore.Owin.OwinWebSocketAdapter",
      "Visibility": "Public",
      "Kind": "Class",
      "BaseType": "System.Net.WebSockets.WebSocket",
      "ImplementedInterfaces": [],
      "Members": [
        {
          "Kind": "Method",
          "Name": "get_CloseStatus",
          "Parameters": [],
          "ReturnType": "System.Nullable<System.Net.WebSockets.WebSocketCloseStatus>",
          "Virtual": true,
          "Override": true,
          "Visibility": "Public",
          "GenericParameter": []
        },
        {
          "Kind": "Method",
          "Name": "get_CloseStatusDescription",
          "Parameters": [],
          "ReturnType": "System.String",
          "Virtual": true,
          "Override": true,
          "Visibility": "Public",
          "GenericParameter": []
        },
        {
          "Kind": "Method",
          "Name": "get_SubProtocol",
          "Parameters": [],
          "ReturnType": "System.String",
          "Virtual": true,
          "Override": true,
          "Visibility": "Public",
          "GenericParameter": []
        },
        {
          "Kind": "Method",
          "Name": "get_State",
          "Parameters": [],
          "ReturnType": "System.Net.WebSockets.WebSocketState",
          "Virtual": true,
          "Override": true,
          "Visibility": "Public",
          "GenericParameter": []
        },
        {
          "Kind": "Method",
          "Name": "ReceiveAsync",
          "Parameters": [
            {
              "Name": "buffer",
              "Type": "System.ArraySegment<System.Byte>"
            },
            {
              "Name": "cancellationToken",
              "Type": "System.Threading.CancellationToken"
            }
          ],
          "ReturnType": "System.Threading.Tasks.Task<System.Net.WebSockets.WebSocketReceiveResult>",
          "Virtual": true,
          "Override": true,
          "Visibility": "Public",
          "GenericParameter": []
        },
        {
          "Kind": "Method",
          "Name": "SendAsync",
          "Parameters": [
            {
              "Name": "buffer",
              "Type": "System.ArraySegment<System.Byte>"
            },
            {
              "Name": "messageType",
              "Type": "System.Net.WebSockets.WebSocketMessageType"
            },
            {
              "Name": "endOfMessage",
              "Type": "System.Boolean"
            },
            {
              "Name": "cancellationToken",
              "Type": "System.Threading.CancellationToken"
            }
          ],
          "ReturnType": "System.Threading.Tasks.Task",
          "Virtual": true,
          "Override": true,
          "Visibility": "Public",
          "GenericParameter": []
        },
        {
          "Kind": "Method",
          "Name": "CloseAsync",
          "Parameters": [
            {
              "Name": "closeStatus",
              "Type": "System.Net.WebSockets.WebSocketCloseStatus"
            },
            {
              "Name": "statusDescription",
              "Type": "System.String"
            },
            {
              "Name": "cancellationToken",
              "Type": "System.Threading.CancellationToken"
            }
          ],
          "ReturnType": "System.Threading.Tasks.Task",
          "Virtual": true,
          "Override": true,
          "Visibility": "Public",
          "GenericParameter": []
        },
        {
          "Kind": "Method",
          "Name": "CloseOutputAsync",
          "Parameters": [
            {
              "Name": "closeStatus",
              "Type": "System.Net.WebSockets.WebSocketCloseStatus"
            },
            {
              "Name": "statusDescription",
              "Type": "System.String"
            },
            {
              "Name": "cancellationToken",
              "Type": "System.Threading.CancellationToken"
            }
          ],
          "ReturnType": "System.Threading.Tasks.Task",
          "Virtual": true,
          "Override": true,
          "Visibility": "Public",
          "GenericParameter": []
        },
        {
          "Kind": "Method",
          "Name": "Abort",
          "Parameters": [],
          "ReturnType": "System.Void",
          "Virtual": true,
          "Override": true,
          "Visibility": "Public",
          "GenericParameter": []
        },
        {
          "Kind": "Method",
          "Name": "Dispose",
          "Parameters": [],
          "ReturnType": "System.Void",
          "Virtual": true,
          "Override": true,
          "ImplementedInterface": "System.IDisposable",
          "Visibility": "Public",
          "GenericParameter": []
        },
        {
          "Kind": "Constructor",
          "Name": ".ctor",
          "Parameters": [
            {
              "Name": "websocketContext",
              "Type": "System.Collections.Generic.IDictionary<System.String, System.Object>"
            },
            {
              "Name": "subProtocol",
              "Type": "System.String"
            }
          ],
          "Visibility": "Public",
          "GenericParameter": []
        }
      ],
      "GenericParameters": []
    },
    {
      "Name": "Microsoft.AspNetCore.Owin.WebSocketAcceptAdapter",
      "Visibility": "Public",
      "Kind": "Class",
      "ImplementedInterfaces": [],
      "Members": [
        {
          "Kind": "Method",
          "Name": "AdaptWebSockets",
          "Parameters": [
            {
              "Name": "next",
              "Type": "System.Func<System.Collections.Generic.IDictionary<System.String, System.Object>, System.Threading.Tasks.Task>"
            }
          ],
          "ReturnType": "System.Func<System.Collections.Generic.IDictionary<System.String, System.Object>, System.Threading.Tasks.Task>",
          "Static": true,
          "Visibility": "Public",
          "GenericParameter": []
        },
        {
          "Kind": "Constructor",
          "Name": ".ctor",
          "Parameters": [
            {
              "Name": "env",
              "Type": "System.Collections.Generic.IDictionary<System.String, System.Object>"
            },
            {
              "Name": "accept",
              "Type": "System.Func<Microsoft.AspNetCore.Http.WebSocketAcceptContext, System.Threading.Tasks.Task<System.Net.WebSockets.WebSocket>>"
            }
          ],
          "Visibility": "Public",
          "GenericParameter": []
        }
      ],
      "GenericParameters": []
    },
    {
      "Name": "Microsoft.AspNetCore.Owin.WebSocketAdapter",
      "Visibility": "Public",
      "Kind": "Class",
      "ImplementedInterfaces": [],
      "Members": [],
      "GenericParameters": []
    },
    {
      "Name": "Microsoft.AspNetCore.Owin.OwinEnvironment+FeatureMap",
      "Visibility": "Public",
      "Kind": "Class",
      "ImplementedInterfaces": [],
      "Members": [
        {
          "Kind": "Method",
          "Name": "get_CanSet",
          "Parameters": [],
          "ReturnType": "System.Boolean",
          "Visibility": "Public",
          "GenericParameter": []
        },
        {
          "Kind": "Constructor",
          "Name": ".ctor",
          "Parameters": [
            {
              "Name": "featureInterface",
              "Type": "System.Type"
            },
            {
              "Name": "getter",
              "Type": "System.Func<System.Object, System.Object>"
            }
          ],
          "Visibility": "Public",
          "GenericParameter": []
        },
        {
          "Kind": "Constructor",
          "Name": ".ctor",
          "Parameters": [
            {
              "Name": "featureInterface",
              "Type": "System.Type"
            },
            {
              "Name": "getter",
              "Type": "System.Func<System.Object, System.Object>"
            },
            {
              "Name": "defaultFactory",
              "Type": "System.Func<System.Object>"
            }
          ],
          "Visibility": "Public",
          "GenericParameter": []
        },
        {
          "Kind": "Constructor",
          "Name": ".ctor",
          "Parameters": [
            {
              "Name": "featureInterface",
              "Type": "System.Type"
            },
            {
              "Name": "getter",
              "Type": "System.Func<System.Object, System.Object>"
            },
            {
              "Name": "setter",
              "Type": "System.Action<System.Object, System.Object>"
            }
          ],
          "Visibility": "Public",
          "GenericParameter": []
        },
        {
          "Kind": "Constructor",
          "Name": ".ctor",
          "Parameters": [
            {
              "Name": "featureInterface",
              "Type": "System.Type"
            },
            {
              "Name": "getter",
              "Type": "System.Func<System.Object, System.Object>"
            },
            {
              "Name": "defaultFactory",
              "Type": "System.Func<System.Object>"
            },
            {
              "Name": "setter",
              "Type": "System.Action<System.Object, System.Object>"
            }
          ],
          "Visibility": "Public",
          "GenericParameter": []
        },
        {
          "Kind": "Constructor",
          "Name": ".ctor",
          "Parameters": [
            {
              "Name": "featureInterface",
              "Type": "System.Type"
            },
            {
              "Name": "getter",
              "Type": "System.Func<System.Object, System.Object>"
            },
            {
              "Name": "defaultFactory",
              "Type": "System.Func<System.Object>"
            },
            {
              "Name": "setter",
              "Type": "System.Action<System.Object, System.Object>"
            },
            {
              "Name": "featureFactory",
              "Type": "System.Func<System.Object>"
            }
          ],
          "Visibility": "Public",
          "GenericParameter": []
        }
      ],
      "GenericParameters": []
    },
    {
      "Name": "Microsoft.AspNetCore.Owin.OwinEnvironment+FeatureMap<T0>",
      "Visibility": "Public",
      "Kind": "Class",
      "BaseType": "Microsoft.AspNetCore.Owin.OwinEnvironment+FeatureMap",
      "ImplementedInterfaces": [],
      "Members": [
        {
          "Kind": "Constructor",
          "Name": ".ctor",
          "Parameters": [
            {
              "Name": "getter",
              "Type": "System.Func<T0, System.Object>"
            }
          ],
          "Visibility": "Public",
          "GenericParameter": []
        },
        {
          "Kind": "Constructor",
          "Name": ".ctor",
          "Parameters": [
            {
              "Name": "getter",
              "Type": "System.Func<T0, System.Object>"
            },
            {
              "Name": "defaultFactory",
              "Type": "System.Func<System.Object>"
            }
          ],
          "Visibility": "Public",
          "GenericParameter": []
        },
        {
          "Kind": "Constructor",
          "Name": ".ctor",
          "Parameters": [
            {
              "Name": "getter",
              "Type": "System.Func<T0, System.Object>"
            },
            {
              "Name": "setter",
              "Type": "System.Action<T0, System.Object>"
            }
          ],
          "Visibility": "Public",
          "GenericParameter": []
        },
        {
          "Kind": "Constructor",
          "Name": ".ctor",
          "Parameters": [
            {
              "Name": "getter",
              "Type": "System.Func<T0, System.Object>"
            },
            {
              "Name": "defaultFactory",
              "Type": "System.Func<System.Object>"
            },
            {
              "Name": "setter",
              "Type": "System.Action<T0, System.Object>"
            }
          ],
          "Visibility": "Public",
          "GenericParameter": []
        },
        {
          "Kind": "Constructor",
          "Name": ".ctor",
          "Parameters": [
            {
              "Name": "getter",
              "Type": "System.Func<T0, System.Object>"
            },
            {
              "Name": "defaultFactory",
              "Type": "System.Func<System.Object>"
            },
            {
              "Name": "setter",
              "Type": "System.Action<T0, System.Object>"
            },
            {
              "Name": "featureFactory",
              "Type": "System.Func<T0>"
            }
          ],
          "Visibility": "Public",
          "GenericParameter": []
        }
      ],
      "GenericParameters": [
        {
          "ParameterName": "TFeature",
          "ParameterPosition": 0,
          "BaseTypeOrInterfaces": []
        }
      ]
    }
  ]
}