{
  "AssemblyIdentity": "Microsoft.AspNetCore.WebUtilities, Version=2.0.0.0, Culture=neutral, PublicKeyToken=adb9793829ddae60",
  "Types": [
    {
      "Name": "Microsoft.AspNetCore.WebUtilities.WebEncoders",
      "Visibility": "Public",
      "Kind": "Class",
      "Abstract": true,
      "Static": true,
      "Sealed": true,
      "ImplementedInterfaces": [],
      "Members": [
        {
          "Kind": "Method",
          "Name": "Base64UrlDecode",
          "Parameters": [
            {
              "Name": "input",
              "Type": "System.String"
            }
          ],
          "ReturnType": "System.Byte[]",
          "Static": true,
          "Visibility": "Public",
          "GenericParameter": []
        },
        {
          "Kind": "Method",
          "Name": "Base64UrlDecode",
          "Parameters": [
            {
              "Name": "input",
              "Type": "System.String"
            },
            {
              "Name": "offset",
              "Type": "System.Int32"
            },
            {
              "Name": "count",
              "Type": "System.Int32"
            }
          ],
          "ReturnType": "System.Byte[]",
          "Static": true,
          "Visibility": "Public",
          "GenericParameter": []
        },
        {
          "Kind": "Method",
          "Name": "Base64UrlDecode",
          "Parameters": [
            {
              "Name": "input",
              "Type": "System.String"
            },
            {
              "Name": "offset",
              "Type": "System.Int32"
            },
            {
              "Name": "buffer",
              "Type": "System.Char[]"
            },
            {
              "Name": "bufferOffset",
              "Type": "System.Int32"
            },
            {
              "Name": "count",
              "Type": "System.Int32"
            }
          ],
          "ReturnType": "System.Byte[]",
          "Static": true,
          "Visibility": "Public",
          "GenericParameter": []
        },
        {
          "Kind": "Method",
          "Name": "GetArraySizeRequiredToDecode",
          "Parameters": [
            {
              "Name": "count",
              "Type": "System.Int32"
            }
          ],
          "ReturnType": "System.Int32",
          "Static": true,
          "Visibility": "Public",
          "GenericParameter": []
        },
        {
          "Kind": "Method",
          "Name": "Base64UrlEncode",
          "Parameters": [
            {
              "Name": "input",
              "Type": "System.Byte[]"
            }
          ],
          "ReturnType": "System.String",
          "Static": true,
          "Visibility": "Public",
          "GenericParameter": []
        },
        {
          "Kind": "Method",
          "Name": "Base64UrlEncode",
          "Parameters": [
            {
              "Name": "input",
              "Type": "System.Byte[]"
            },
            {
              "Name": "offset",
              "Type": "System.Int32"
            },
            {
              "Name": "count",
              "Type": "System.Int32"
            }
          ],
          "ReturnType": "System.String",
          "Static": true,
          "Visibility": "Public",
          "GenericParameter": []
        },
        {
          "Kind": "Method",
          "Name": "Base64UrlEncode",
          "Parameters": [
            {
              "Name": "input",
              "Type": "System.Byte[]"
            },
            {
              "Name": "offset",
              "Type": "System.Int32"
            },
            {
              "Name": "output",
              "Type": "System.Char[]"
            },
            {
              "Name": "outputOffset",
              "Type": "System.Int32"
            },
            {
              "Name": "count",
              "Type": "System.Int32"
            }
          ],
          "ReturnType": "System.Int32",
          "Static": true,
          "Visibility": "Public",
          "GenericParameter": []
        },
        {
          "Kind": "Method",
          "Name": "GetArraySizeRequiredToEncode",
          "Parameters": [
            {
              "Name": "count",
              "Type": "System.Int32"
            }
          ],
          "ReturnType": "System.Int32",
          "Static": true,
          "Visibility": "Public",
          "GenericParameter": []
        }
      ],
      "GenericParameters": []
    },
    {
      "Name": "Microsoft.AspNetCore.WebUtilities.Base64UrlTextEncoder",
      "Visibility": "Public",
      "Kind": "Class",
      "Abstract": true,
      "Static": true,
      "Sealed": true,
      "ImplementedInterfaces": [],
      "Members": [
        {
          "Kind": "Method",
          "Name": "Encode",
          "Parameters": [
            {
              "Name": "data",
              "Type": "System.Byte[]"
            }
          ],
          "ReturnType": "System.String",
          "Static": true,
          "Visibility": "Public",
          "GenericParameter": []
        },
        {
          "Kind": "Method",
          "Name": "Decode",
          "Parameters": [
            {
              "Name": "text",
              "Type": "System.String"
            }
          ],
          "ReturnType": "System.Byte[]",
          "Static": true,
          "Visibility": "Public",
          "GenericParameter": []
        }
      ],
      "GenericParameters": []
    },
    {
      "Name": "Microsoft.AspNetCore.WebUtilities.FileBufferingReadStream",
      "Visibility": "Public",
      "Kind": "Class",
      "BaseType": "System.IO.Stream",
      "ImplementedInterfaces": [],
      "Members": [
        {
          "Kind": "Method",
          "Name": "get_InMemory",
          "Parameters": [],
          "ReturnType": "System.Boolean",
          "Visibility": "Public",
          "GenericParameter": []
        },
        {
          "Kind": "Method",
          "Name": "get_TempFileName",
          "Parameters": [],
          "ReturnType": "System.String",
          "Visibility": "Public",
          "GenericParameter": []
        },
        {
          "Kind": "Method",
          "Name": "get_CanRead",
          "Parameters": [],
          "ReturnType": "System.Boolean",
          "Virtual": true,
          "Override": true,
          "Visibility": "Public",
          "GenericParameter": []
        },
        {
          "Kind": "Method",
          "Name": "get_CanSeek",
          "Parameters": [],
          "ReturnType": "System.Boolean",
          "Virtual": true,
          "Override": true,
          "Visibility": "Public",
          "GenericParameter": []
        },
        {
          "Kind": "Method",
          "Name": "get_CanWrite",
          "Parameters": [],
          "ReturnType": "System.Boolean",
          "Virtual": true,
          "Override": true,
          "Visibility": "Public",
          "GenericParameter": []
        },
        {
          "Kind": "Method",
          "Name": "get_Length",
          "Parameters": [],
          "ReturnType": "System.Int64",
          "Virtual": true,
          "Override": true,
          "Visibility": "Public",
          "GenericParameter": []
        },
        {
          "Kind": "Method",
          "Name": "get_Position",
          "Parameters": [],
          "ReturnType": "System.Int64",
          "Virtual": true,
          "Override": true,
          "Visibility": "Public",
          "GenericParameter": []
        },
        {
          "Kind": "Method",
          "Name": "set_Position",
          "Parameters": [
            {
              "Name": "value",
              "Type": "System.Int64"
            }
          ],
          "ReturnType": "System.Void",
          "Virtual": true,
          "Override": true,
          "Visibility": "Public",
          "GenericParameter": []
        },
        {
          "Kind": "Method",
          "Name": "Seek",
          "Parameters": [
            {
              "Name": "offset",
              "Type": "System.Int64"
            },
            {
              "Name": "origin",
              "Type": "System.IO.SeekOrigin"
            }
          ],
          "ReturnType": "System.Int64",
          "Virtual": true,
          "Override": true,
          "Visibility": "Public",
          "GenericParameter": []
        },
        {
          "Kind": "Method",
          "Name": "Read",
          "Parameters": [
            {
              "Name": "buffer",
              "Type": "System.Byte[]"
            },
            {
              "Name": "offset",
              "Type": "System.Int32"
            },
            {
              "Name": "count",
              "Type": "System.Int32"
            }
          ],
          "ReturnType": "System.Int32",
          "Virtual": true,
          "Override": true,
          "Visibility": "Public",
          "GenericParameter": []
        },
        {
          "Kind": "Method",
          "Name": "ReadAsync",
          "Parameters": [
            {
              "Name": "buffer",
              "Type": "System.Byte[]"
            },
            {
              "Name": "offset",
              "Type": "System.Int32"
            },
            {
              "Name": "count",
              "Type": "System.Int32"
            },
            {
              "Name": "cancellationToken",
              "Type": "System.Threading.CancellationToken"
            }
          ],
          "ReturnType": "System.Threading.Tasks.Task<System.Int32>",
          "Virtual": true,
          "Override": true,
          "Visibility": "Public",
          "GenericParameter": []
        },
        {
          "Kind": "Method",
          "Name": "Write",
          "Parameters": [
            {
              "Name": "buffer",
              "Type": "System.Byte[]"
            },
            {
              "Name": "offset",
              "Type": "System.Int32"
            },
            {
              "Name": "count",
              "Type": "System.Int32"
            }
          ],
          "ReturnType": "System.Void",
          "Virtual": true,
          "Override": true,
          "Visibility": "Public",
          "GenericParameter": []
        },
        {
          "Kind": "Method",
          "Name": "WriteAsync",
          "Parameters": [
            {
              "Name": "buffer",
              "Type": "System.Byte[]"
            },
            {
              "Name": "offset",
              "Type": "System.Int32"
            },
            {
              "Name": "count",
              "Type": "System.Int32"
            },
            {
              "Name": "cancellationToken",
              "Type": "System.Threading.CancellationToken"
            }
          ],
          "ReturnType": "System.Threading.Tasks.Task",
          "Virtual": true,
          "Override": true,
          "Visibility": "Public",
          "GenericParameter": []
        },
        {
          "Kind": "Method",
          "Name": "SetLength",
          "Parameters": [
            {
              "Name": "value",
              "Type": "System.Int64"
            }
          ],
          "ReturnType": "System.Void",
          "Virtual": true,
          "Override": true,
          "Visibility": "Public",
          "GenericParameter": []
        },
        {
          "Kind": "Method",
          "Name": "Flush",
          "Parameters": [],
          "ReturnType": "System.Void",
          "Virtual": true,
          "Override": true,
          "Visibility": "Public",
          "GenericParameter": []
        },
        {
          "Kind": "Method",
          "Name": "Dispose",
          "Parameters": [
            {
              "Name": "disposing",
              "Type": "System.Boolean"
            }
          ],
          "ReturnType": "System.Void",
          "Virtual": true,
          "Override": true,
          "Visibility": "Protected",
          "GenericParameter": []
        },
        {
          "Kind": "Constructor",
          "Name": ".ctor",
          "Parameters": [
            {
              "Name": "inner",
              "Type": "System.IO.Stream"
            },
            {
              "Name": "memoryThreshold",
              "Type": "System.Int32"
            },
            {
              "Name": "bufferLimit",
              "Type": "System.Nullable<System.Int64>"
            },
            {
              "Name": "tempFileDirectoryAccessor",
              "Type": "System.Func<System.String>"
            }
          ],
          "Visibility": "Public",
          "GenericParameter": []
        },
        {
          "Kind": "Constructor",
          "Name": ".ctor",
          "Parameters": [
            {
              "Name": "inner",
              "Type": "System.IO.Stream"
            },
            {
              "Name": "memoryThreshold",
              "Type": "System.Int32"
            },
            {
              "Name": "bufferLimit",
              "Type": "System.Nullable<System.Int64>"
            },
            {
              "Name": "tempFileDirectoryAccessor",
              "Type": "System.Func<System.String>"
            },
            {
              "Name": "bytePool",
              "Type": "System.Buffers.ArrayPool<System.Byte>"
            }
          ],
          "Visibility": "Public",
          "GenericParameter": []
        },
        {
          "Kind": "Constructor",
          "Name": ".ctor",
          "Parameters": [
            {
              "Name": "inner",
              "Type": "System.IO.Stream"
            },
            {
              "Name": "memoryThreshold",
              "Type": "System.Int32"
            },
            {
              "Name": "bufferLimit",
              "Type": "System.Nullable<System.Int64>"
            },
            {
              "Name": "tempFileDirectory",
              "Type": "System.String"
            }
          ],
          "Visibility": "Public",
          "GenericParameter": []
        },
        {
          "Kind": "Constructor",
          "Name": ".ctor",
          "Parameters": [
            {
              "Name": "inner",
              "Type": "System.IO.Stream"
            },
            {
              "Name": "memoryThreshold",
              "Type": "System.Int32"
            },
            {
              "Name": "bufferLimit",
              "Type": "System.Nullable<System.Int64>"
            },
            {
              "Name": "tempFileDirectory",
              "Type": "System.String"
            },
            {
              "Name": "bytePool",
              "Type": "System.Buffers.ArrayPool<System.Byte>"
            }
          ],
          "Visibility": "Public",
          "GenericParameter": []
        }
      ],
      "GenericParameters": []
    },
    {
      "Name": "Microsoft.AspNetCore.WebUtilities.FileMultipartSection",
      "Visibility": "Public",
      "Kind": "Class",
      "ImplementedInterfaces": [],
      "Members": [
        {
          "Kind": "Method",
          "Name": "get_Section",
          "Parameters": [],
          "ReturnType": "Microsoft.AspNetCore.WebUtilities.MultipartSection",
          "Visibility": "Public",
          "GenericParameter": []
        },
        {
          "Kind": "Method",
          "Name": "get_FileStream",
          "Parameters": [],
          "ReturnType": "System.IO.Stream",
          "Visibility": "Public",
          "GenericParameter": []
        },
        {
          "Kind": "Method",
          "Name": "get_Name",
          "Parameters": [],
          "ReturnType": "System.String",
          "Visibility": "Public",
          "GenericParameter": []
        },
        {
          "Kind": "Method",
          "Name": "get_FileName",
          "Parameters": [],
          "ReturnType": "System.String",
          "Visibility": "Public",
          "GenericParameter": []
        },
        {
          "Kind": "Constructor",
          "Name": ".ctor",
          "Parameters": [
            {
              "Name": "section",
              "Type": "Microsoft.AspNetCore.WebUtilities.MultipartSection"
            }
          ],
          "Visibility": "Public",
          "GenericParameter": []
        },
        {
          "Kind": "Constructor",
          "Name": ".ctor",
          "Parameters": [
            {
              "Name": "section",
              "Type": "Microsoft.AspNetCore.WebUtilities.MultipartSection"
            },
            {
              "Name": "header",
              "Type": "Microsoft.Net.Http.Headers.ContentDispositionHeaderValue"
            }
          ],
          "Visibility": "Public",
          "GenericParameter": []
        }
      ],
      "GenericParameters": []
    },
    {
      "Name": "Microsoft.AspNetCore.WebUtilities.FormMultipartSection",
      "Visibility": "Public",
      "Kind": "Class",
      "ImplementedInterfaces": [],
      "Members": [
        {
          "Kind": "Method",
          "Name": "get_Section",
          "Parameters": [],
          "ReturnType": "Microsoft.AspNetCore.WebUtilities.MultipartSection",
          "Visibility": "Public",
          "GenericParameter": []
        },
        {
          "Kind": "Method",
          "Name": "get_Name",
          "Parameters": [],
          "ReturnType": "System.String",
          "Visibility": "Public",
          "GenericParameter": []
        },
        {
          "Kind": "Method",
          "Name": "GetValueAsync",
          "Parameters": [],
          "ReturnType": "System.Threading.Tasks.Task<System.String>",
          "Visibility": "Public",
          "GenericParameter": []
        },
        {
          "Kind": "Constructor",
          "Name": ".ctor",
          "Parameters": [
            {
              "Name": "section",
              "Type": "Microsoft.AspNetCore.WebUtilities.MultipartSection"
            }
          ],
          "Visibility": "Public",
          "GenericParameter": []
        },
        {
          "Kind": "Constructor",
          "Name": ".ctor",
          "Parameters": [
            {
              "Name": "section",
              "Type": "Microsoft.AspNetCore.WebUtilities.MultipartSection"
            },
            {
              "Name": "header",
              "Type": "Microsoft.Net.Http.Headers.ContentDispositionHeaderValue"
            }
          ],
          "Visibility": "Public",
          "GenericParameter": []
        }
      ],
      "GenericParameters": []
    },
    {
      "Name": "Microsoft.AspNetCore.WebUtilities.FormReader",
      "Visibility": "Public",
      "Kind": "Class",
      "ImplementedInterfaces": [
        "System.IDisposable"
      ],
      "Members": [
        {
          "Kind": "Method",
          "Name": "get_ValueCountLimit",
          "Parameters": [],
          "ReturnType": "System.Int32",
          "Visibility": "Public",
          "GenericParameter": []
        },
        {
          "Kind": "Method",
          "Name": "set_ValueCountLimit",
          "Parameters": [
            {
              "Name": "value",
              "Type": "System.Int32"
            }
          ],
          "ReturnType": "System.Void",
          "Visibility": "Public",
          "GenericParameter": []
        },
        {
          "Kind": "Method",
          "Name": "get_KeyLengthLimit",
          "Parameters": [],
          "ReturnType": "System.Int32",
          "Visibility": "Public",
          "GenericParameter": []
        },
        {
          "Kind": "Method",
          "Name": "set_KeyLengthLimit",
          "Parameters": [
            {
              "Name": "value",
              "Type": "System.Int32"
            }
          ],
          "ReturnType": "System.Void",
          "Visibility": "Public",
          "GenericParameter": []
        },
        {
          "Kind": "Method",
          "Name": "get_ValueLengthLimit",
          "Parameters": [],
          "ReturnType": "System.Int32",
          "Visibility": "Public",
          "GenericParameter": []
        },
        {
          "Kind": "Method",
          "Name": "set_ValueLengthLimit",
          "Parameters": [
            {
              "Name": "value",
              "Type": "System.Int32"
            }
          ],
          "ReturnType": "System.Void",
          "Visibility": "Public",
          "GenericParameter": []
        },
        {
          "Kind": "Method",
          "Name": "ReadNextPair",
          "Parameters": [],
          "ReturnType": "System.Nullable<System.Collections.Generic.KeyValuePair<System.String, System.String>>",
          "Visibility": "Public",
          "GenericParameter": []
        },
        {
          "Kind": "Method",
          "Name": "ReadNextPairAsync",
          "Parameters": [
            {
              "Name": "cancellationToken",
              "Type": "System.Threading.CancellationToken",
              "DefaultValue": "default(System.Threading.CancellationToken)"
            }
          ],
          "ReturnType": "System.Threading.Tasks.Task<System.Nullable<System.Collections.Generic.KeyValuePair<System.String, System.String>>>",
          "Visibility": "Public",
          "GenericParameter": []
        },
        {
          "Kind": "Method",
          "Name": "ReadForm",
          "Parameters": [],
          "ReturnType": "System.Collections.Generic.Dictionary<System.String, Microsoft.Extensions.Primitives.StringValues>",
          "Visibility": "Public",
          "GenericParameter": []
        },
        {
          "Kind": "Method",
          "Name": "ReadFormAsync",
          "Parameters": [
            {
              "Name": "cancellationToken",
              "Type": "System.Threading.CancellationToken",
              "DefaultValue": "default(System.Threading.CancellationToken)"
            }
          ],
          "ReturnType": "System.Threading.Tasks.Task<System.Collections.Generic.Dictionary<System.String, Microsoft.Extensions.Primitives.StringValues>>",
          "Visibility": "Public",
          "GenericParameter": []
        },
        {
          "Kind": "Method",
          "Name": "Dispose",
          "Parameters": [],
          "ReturnType": "System.Void",
          "Sealed": true,
          "Virtual": true,
          "ImplementedInterface": "System.IDisposable",
          "Visibility": "Public",
          "GenericParameter": []
        },
        {
          "Kind": "Constructor",
          "Name": ".ctor",
          "Parameters": [
            {
              "Name": "data",
              "Type": "System.String"
            }
          ],
          "Visibility": "Public",
          "GenericParameter": []
        },
        {
          "Kind": "Constructor",
          "Name": ".ctor",
          "Parameters": [
            {
              "Name": "data",
              "Type": "System.String"
            },
            {
              "Name": "charPool",
              "Type": "System.Buffers.ArrayPool<System.Char>"
            }
          ],
          "Visibility": "Public",
          "GenericParameter": []
        },
        {
          "Kind": "Constructor",
          "Name": ".ctor",
          "Parameters": [
            {
              "Name": "stream",
              "Type": "System.IO.Stream"
            }
          ],
          "Visibility": "Public",
          "GenericParameter": []
        },
        {
          "Kind": "Constructor",
          "Name": ".ctor",
          "Parameters": [
            {
              "Name": "stream",
              "Type": "System.IO.Stream"
            },
            {
              "Name": "encoding",
              "Type": "System.Text.Encoding"
            }
          ],
          "Visibility": "Public",
          "GenericParameter": []
        },
        {
          "Kind": "Constructor",
          "Name": ".ctor",
          "Parameters": [
            {
              "Name": "stream",
              "Type": "System.IO.Stream"
            },
            {
              "Name": "encoding",
              "Type": "System.Text.Encoding"
            },
            {
              "Name": "charPool",
              "Type": "System.Buffers.ArrayPool<System.Char>"
            }
          ],
          "Visibility": "Public",
          "GenericParameter": []
        },
        {
          "Kind": "Field",
          "Name": "DefaultValueCountLimit",
          "Parameters": [],
          "ReturnType": "System.Int32",
          "Static": true,
          "Visibility": "Public",
          "GenericParameter": [],
          "Constant": true,
          "Literal": "1024"
        },
        {
          "Kind": "Field",
          "Name": "DefaultKeyLengthLimit",
          "Parameters": [],
          "ReturnType": "System.Int32",
          "Static": true,
          "Visibility": "Public",
          "GenericParameter": [],
          "Constant": true,
          "Literal": "2048"
        },
        {
          "Kind": "Field",
          "Name": "DefaultValueLengthLimit",
          "Parameters": [],
          "ReturnType": "System.Int32",
          "Static": true,
          "Visibility": "Public",
          "GenericParameter": [],
          "Constant": true,
          "Literal": "4194304"
        }
      ],
      "GenericParameters": []
    },
    {
      "Name": "Microsoft.AspNetCore.WebUtilities.HttpRequestStreamReader",
      "Visibility": "Public",
      "Kind": "Class",
      "BaseType": "System.IO.TextReader",
      "ImplementedInterfaces": [],
      "Members": [
        {
          "Kind": "Method",
          "Name": "Dispose",
          "Parameters": [
            {
              "Name": "disposing",
              "Type": "System.Boolean"
            }
          ],
          "ReturnType": "System.Void",
          "Virtual": true,
          "Override": true,
          "Visibility": "Protected",
          "GenericParameter": []
        },
        {
          "Kind": "Method",
          "Name": "Peek",
          "Parameters": [],
          "ReturnType": "System.Int32",
          "Virtual": true,
          "Override": true,
          "Visibility": "Public",
          "GenericParameter": []
        },
        {
          "Kind": "Method",
          "Name": "Read",
          "Parameters": [],
          "ReturnType": "System.Int32",
          "Virtual": true,
          "Override": true,
          "Visibility": "Public",
          "GenericParameter": []
        },
        {
          "Kind": "Method",
          "Name": "Read",
          "Parameters": [
            {
              "Name": "buffer",
              "Type": "System.Char[]"
            },
            {
              "Name": "index",
              "Type": "System.Int32"
            },
            {
              "Name": "count",
              "Type": "System.Int32"
            }
          ],
          "ReturnType": "System.Int32",
          "Virtual": true,
          "Override": true,
          "Visibility": "Public",
          "GenericParameter": []
        },
        {
          "Kind": "Method",
          "Name": "ReadAsync",
          "Parameters": [
            {
              "Name": "buffer",
              "Type": "System.Char[]"
            },
            {
              "Name": "index",
              "Type": "System.Int32"
            },
            {
              "Name": "count",
              "Type": "System.Int32"
            }
          ],
          "ReturnType": "System.Threading.Tasks.Task<System.Int32>",
          "Virtual": true,
          "Override": true,
          "Visibility": "Public",
          "GenericParameter": []
        },
        {
          "Kind": "Constructor",
          "Name": ".ctor",
          "Parameters": [
            {
              "Name": "stream",
              "Type": "System.IO.Stream"
            },
            {
              "Name": "encoding",
              "Type": "System.Text.Encoding"
            }
          ],
          "Visibility": "Public",
          "GenericParameter": []
        },
        {
          "Kind": "Constructor",
          "Name": ".ctor",
          "Parameters": [
            {
              "Name": "stream",
              "Type": "System.IO.Stream"
            },
            {
              "Name": "encoding",
              "Type": "System.Text.Encoding"
            },
            {
              "Name": "bufferSize",
              "Type": "System.Int32"
            }
          ],
          "Visibility": "Public",
          "GenericParameter": []
        },
        {
          "Kind": "Constructor",
          "Name": ".ctor",
          "Parameters": [
            {
              "Name": "stream",
              "Type": "System.IO.Stream"
            },
            {
              "Name": "encoding",
              "Type": "System.Text.Encoding"
            },
            {
              "Name": "bufferSize",
              "Type": "System.Int32"
            },
            {
              "Name": "bytePool",
              "Type": "System.Buffers.ArrayPool<System.Byte>"
            },
            {
              "Name": "charPool",
              "Type": "System.Buffers.ArrayPool<System.Char>"
            }
          ],
          "Visibility": "Public",
          "GenericParameter": []
        }
      ],
      "GenericParameters": []
    },
    {
      "Name": "Microsoft.AspNetCore.WebUtilities.HttpResponseStreamWriter",
      "Visibility": "Public",
      "Kind": "Class",
      "BaseType": "System.IO.TextWriter",
      "ImplementedInterfaces": [],
      "Members": [
        {
          "Kind": "Method",
          "Name": "get_Encoding",
          "Parameters": [],
          "ReturnType": "System.Text.Encoding",
          "Virtual": true,
          "Override": true,
          "Visibility": "Public",
          "GenericParameter": []
        },
        {
          "Kind": "Method",
          "Name": "Write",
          "Parameters": [
            {
              "Name": "value",
              "Type": "System.Char"
            }
          ],
          "ReturnType": "System.Void",
          "Virtual": true,
          "Override": true,
          "Visibility": "Public",
          "GenericParameter": []
        },
        {
          "Kind": "Method",
          "Name": "Write",
          "Parameters": [
            {
              "Name": "values",
              "Type": "System.Char[]"
            },
            {
              "Name": "index",
              "Type": "System.Int32"
            },
            {
              "Name": "count",
              "Type": "System.Int32"
            }
          ],
          "ReturnType": "System.Void",
          "Virtual": true,
          "Override": true,
          "Visibility": "Public",
          "GenericParameter": []
        },
        {
          "Kind": "Method",
          "Name": "Write",
          "Parameters": [
            {
              "Name": "value",
              "Type": "System.String"
            }
          ],
          "ReturnType": "System.Void",
          "Virtual": true,
          "Override": true,
          "Visibility": "Public",
          "GenericParameter": []
        },
        {
          "Kind": "Method",
          "Name": "WriteAsync",
          "Parameters": [
            {
              "Name": "value",
              "Type": "System.Char"
            }
          ],
          "ReturnType": "System.Threading.Tasks.Task",
          "Virtual": true,
          "Override": true,
          "Visibility": "Public",
          "GenericParameter": []
        },
        {
          "Kind": "Method",
          "Name": "WriteAsync",
          "Parameters": [
            {
              "Name": "values",
              "Type": "System.Char[]"
            },
            {
              "Name": "index",
              "Type": "System.Int32"
            },
            {
              "Name": "count",
              "Type": "System.Int32"
            }
          ],
          "ReturnType": "System.Threading.Tasks.Task",
          "Virtual": true,
          "Override": true,
          "Visibility": "Public",
          "GenericParameter": []
        },
        {
          "Kind": "Method",
          "Name": "WriteAsync",
          "Parameters": [
            {
              "Name": "value",
              "Type": "System.String"
            }
          ],
          "ReturnType": "System.Threading.Tasks.Task",
          "Virtual": true,
          "Override": true,
          "Visibility": "Public",
          "GenericParameter": []
        },
        {
          "Kind": "Method",
          "Name": "Flush",
          "Parameters": [],
          "ReturnType": "System.Void",
          "Virtual": true,
          "Override": true,
          "Visibility": "Public",
          "GenericParameter": []
        },
        {
          "Kind": "Method",
          "Name": "FlushAsync",
          "Parameters": [],
          "ReturnType": "System.Threading.Tasks.Task",
          "Virtual": true,
          "Override": true,
          "Visibility": "Public",
          "GenericParameter": []
        },
        {
          "Kind": "Method",
          "Name": "Dispose",
          "Parameters": [
            {
              "Name": "disposing",
              "Type": "System.Boolean"
            }
          ],
          "ReturnType": "System.Void",
          "Virtual": true,
          "Override": true,
          "Visibility": "Protected",
          "GenericParameter": []
        },
        {
          "Kind": "Constructor",
          "Name": ".ctor",
          "Parameters": [
            {
              "Name": "stream",
              "Type": "System.IO.Stream"
            },
            {
              "Name": "encoding",
              "Type": "System.Text.Encoding"
            }
          ],
          "Visibility": "Public",
          "GenericParameter": []
        },
        {
          "Kind": "Constructor",
          "Name": ".ctor",
          "Parameters": [
            {
              "Name": "stream",
              "Type": "System.IO.Stream"
            },
            {
              "Name": "encoding",
              "Type": "System.Text.Encoding"
            },
            {
              "Name": "bufferSize",
              "Type": "System.Int32"
            }
          ],
          "Visibility": "Public",
          "GenericParameter": []
        },
        {
          "Kind": "Constructor",
          "Name": ".ctor",
          "Parameters": [
            {
              "Name": "stream",
              "Type": "System.IO.Stream"
            },
            {
              "Name": "encoding",
              "Type": "System.Text.Encoding"
            },
            {
              "Name": "bufferSize",
              "Type": "System.Int32"
            },
            {
              "Name": "bytePool",
              "Type": "System.Buffers.ArrayPool<System.Byte>"
            },
            {
              "Name": "charPool",
              "Type": "System.Buffers.ArrayPool<System.Char>"
            }
          ],
          "Visibility": "Public",
          "GenericParameter": []
        }
      ],
      "GenericParameters": []
    },
    {
      "Name": "Microsoft.AspNetCore.WebUtilities.KeyValueAccumulator",
      "Visibility": "Public",
      "Kind": "Struct",
      "Sealed": true,
      "ImplementedInterfaces": [],
      "Members": [
        {
          "Kind": "Method",
          "Name": "Append",
          "Parameters": [
            {
              "Name": "key",
              "Type": "System.String"
            },
            {
              "Name": "value",
              "Type": "System.String"
            }
          ],
          "ReturnType": "System.Void",
          "Visibility": "Public",
          "GenericParameter": []
        },
        {
          "Kind": "Method",
          "Name": "get_HasValues",
          "Parameters": [],
          "ReturnType": "System.Boolean",
          "Visibility": "Public",
          "GenericParameter": []
        },
        {
          "Kind": "Method",
          "Name": "get_KeyCount",
          "Parameters": [],
          "ReturnType": "System.Int32",
          "Visibility": "Public",
          "GenericParameter": []
        },
        {
          "Kind": "Method",
          "Name": "get_ValueCount",
          "Parameters": [],
          "ReturnType": "System.Int32",
          "Visibility": "Public",
          "GenericParameter": []
        },
        {
          "Kind": "Method",
          "Name": "GetResults",
          "Parameters": [],
          "ReturnType": "System.Collections.Generic.Dictionary<System.String, Microsoft.Extensions.Primitives.StringValues>",
          "Visibility": "Public",
          "GenericParameter": []
        }
      ],
      "GenericParameters": []
    },
    {
      "Name": "Microsoft.AspNetCore.WebUtilities.MultipartReader",
      "Visibility": "Public",
      "Kind": "Class",
      "ImplementedInterfaces": [],
      "Members": [
        {
          "Kind": "Method",
          "Name": "get_HeadersCountLimit",
          "Parameters": [],
          "ReturnType": "System.Int32",
          "Visibility": "Public",
          "GenericParameter": []
        },
        {
          "Kind": "Method",
          "Name": "set_HeadersCountLimit",
          "Parameters": [
            {
              "Name": "value",
              "Type": "System.Int32"
            }
          ],
          "ReturnType": "System.Void",
          "Visibility": "Public",
          "GenericParameter": []
        },
        {
          "Kind": "Method",
          "Name": "get_HeadersLengthLimit",
          "Parameters": [],
          "ReturnType": "System.Int32",
          "Visibility": "Public",
          "GenericParameter": []
        },
        {
          "Kind": "Method",
          "Name": "set_HeadersLengthLimit",
          "Parameters": [
            {
              "Name": "value",
              "Type": "System.Int32"
            }
          ],
          "ReturnType": "System.Void",
          "Visibility": "Public",
          "GenericParameter": []
        },
        {
          "Kind": "Method",
          "Name": "get_BodyLengthLimit",
          "Parameters": [],
          "ReturnType": "System.Nullable<System.Int64>",
          "Visibility": "Public",
          "GenericParameter": []
        },
        {
          "Kind": "Method",
          "Name": "set_BodyLengthLimit",
          "Parameters": [
            {
              "Name": "value",
              "Type": "System.Nullable<System.Int64>"
            }
          ],
          "ReturnType": "System.Void",
          "Visibility": "Public",
          "GenericParameter": []
        },
        {
          "Kind": "Method",
          "Name": "ReadNextSectionAsync",
          "Parameters": [
            {
              "Name": "cancellationToken",
              "Type": "System.Threading.CancellationToken",
              "DefaultValue": "default(System.Threading.CancellationToken)"
            }
          ],
          "ReturnType": "System.Threading.Tasks.Task<Microsoft.AspNetCore.WebUtilities.MultipartSection>",
          "Visibility": "Public",
          "GenericParameter": []
        },
        {
          "Kind": "Constructor",
          "Name": ".ctor",
          "Parameters": [
            {
              "Name": "boundary",
              "Type": "System.String"
            },
            {
              "Name": "stream",
              "Type": "System.IO.Stream"
            }
          ],
          "Visibility": "Public",
          "GenericParameter": []
        },
        {
          "Kind": "Constructor",
          "Name": ".ctor",
          "Parameters": [
            {
              "Name": "boundary",
              "Type": "System.String"
            },
            {
              "Name": "stream",
              "Type": "System.IO.Stream"
            },
            {
              "Name": "bufferSize",
              "Type": "System.Int32"
            }
          ],
          "Visibility": "Public",
          "GenericParameter": []
        },
        {
          "Kind": "Field",
          "Name": "DefaultHeadersCountLimit",
          "Parameters": [],
          "ReturnType": "System.Int32",
          "Static": true,
          "Visibility": "Public",
          "GenericParameter": [],
          "Constant": true,
          "Literal": "16"
        },
        {
          "Kind": "Field",
          "Name": "DefaultHeadersLengthLimit",
          "Parameters": [],
          "ReturnType": "System.Int32",
          "Static": true,
          "Visibility": "Public",
          "GenericParameter": [],
          "Constant": true,
          "Literal": "16384"
        }
      ],
      "GenericParameters": []
    },
    {
      "Name": "Microsoft.AspNetCore.WebUtilities.MultipartSection",
      "Visibility": "Public",
      "Kind": "Class",
      "ImplementedInterfaces": [],
      "Members": [
        {
          "Kind": "Method",
          "Name": "get_ContentType",
          "Parameters": [],
          "ReturnType": "System.String",
          "Visibility": "Public",
          "GenericParameter": []
        },
        {
          "Kind": "Method",
          "Name": "get_ContentDisposition",
          "Parameters": [],
          "ReturnType": "System.String",
          "Visibility": "Public",
          "GenericParameter": []
        },
        {
          "Kind": "Method",
          "Name": "get_Headers",
          "Parameters": [],
          "ReturnType": "System.Collections.Generic.Dictionary<System.String, Microsoft.Extensions.Primitives.StringValues>",
          "Visibility": "Public",
          "GenericParameter": []
        },
        {
          "Kind": "Method",
          "Name": "set_Headers",
          "Parameters": [
            {
              "Name": "value",
              "Type": "System.Collections.Generic.Dictionary<System.String, Microsoft.Extensions.Primitives.StringValues>"
            }
          ],
          "ReturnType": "System.Void",
          "Visibility": "Public",
          "GenericParameter": []
        },
        {
          "Kind": "Method",
          "Name": "get_Body",
          "Parameters": [],
          "ReturnType": "System.IO.Stream",
          "Visibility": "Public",
          "GenericParameter": []
        },
        {
          "Kind": "Method",
          "Name": "set_Body",
          "Parameters": [
            {
              "Name": "value",
              "Type": "System.IO.Stream"
            }
          ],
          "ReturnType": "System.Void",
          "Visibility": "Public",
          "GenericParameter": []
        },
        {
          "Kind": "Method",
          "Name": "get_BaseStreamOffset",
          "Parameters": [],
          "ReturnType": "System.Nullable<System.Int64>",
          "Visibility": "Public",
          "GenericParameter": []
        },
        {
          "Kind": "Method",
          "Name": "set_BaseStreamOffset",
          "Parameters": [
            {
              "Name": "value",
              "Type": "System.Nullable<System.Int64>"
            }
          ],
          "ReturnType": "System.Void",
          "Visibility": "Public",
          "GenericParameter": []
        },
        {
          "Kind": "Constructor",
          "Name": ".ctor",
          "Parameters": [],
          "Visibility": "Public",
          "GenericParameter": []
        }
      ],
      "GenericParameters": []
    },
    {
      "Name": "Microsoft.AspNetCore.WebUtilities.MultipartSectionConverterExtensions",
      "Visibility": "Public",
      "Kind": "Class",
      "Abstract": true,
      "Static": true,
      "Sealed": true,
      "ImplementedInterfaces": [],
      "Members": [
        {
          "Kind": "Method",
          "Name": "AsFileSection",
          "Parameters": [
            {
              "Name": "section",
              "Type": "Microsoft.AspNetCore.WebUtilities.MultipartSection"
            }
          ],
          "ReturnType": "Microsoft.AspNetCore.WebUtilities.FileMultipartSection",
          "Static": true,
          "Extension": true,
          "Visibility": "Public",
          "GenericParameter": []
        },
        {
          "Kind": "Method",
          "Name": "AsFormDataSection",
          "Parameters": [
            {
              "Name": "section",
              "Type": "Microsoft.AspNetCore.WebUtilities.MultipartSection"
            }
          ],
          "ReturnType": "Microsoft.AspNetCore.WebUtilities.FormMultipartSection",
          "Static": true,
          "Extension": true,
          "Visibility": "Public",
          "GenericParameter": []
        },
        {
          "Kind": "Method",
          "Name": "GetContentDispositionHeader",
          "Parameters": [
            {
              "Name": "section",
              "Type": "Microsoft.AspNetCore.WebUtilities.MultipartSection"
            }
          ],
          "ReturnType": "Microsoft.Net.Http.Headers.ContentDispositionHeaderValue",
          "Static": true,
          "Extension": true,
          "Visibility": "Public",
          "GenericParameter": []
        }
      ],
      "GenericParameters": []
    },
    {
      "Name": "Microsoft.AspNetCore.WebUtilities.MultipartSectionStreamExtensions",
      "Visibility": "Public",
      "Kind": "Class",
      "Abstract": true,
      "Static": true,
      "Sealed": true,
      "ImplementedInterfaces": [],
      "Members": [
        {
          "Kind": "Method",
          "Name": "ReadAsStringAsync",
          "Parameters": [
            {
              "Name": "section",
              "Type": "Microsoft.AspNetCore.WebUtilities.MultipartSection"
            }
          ],
          "ReturnType": "System.Threading.Tasks.Task<System.String>",
          "Static": true,
          "Extension": true,
          "Visibility": "Public",
          "GenericParameter": []
        }
      ],
      "GenericParameters": []
    },
    {
      "Name": "Microsoft.AspNetCore.WebUtilities.QueryHelpers",
      "Visibility": "Public",
      "Kind": "Class",
      "Abstract": true,
      "Static": true,
      "Sealed": true,
      "ImplementedInterfaces": [],
      "Members": [
        {
          "Kind": "Method",
          "Name": "AddQueryString",
          "Parameters": [
            {
              "Name": "uri",
              "Type": "System.String"
            },
            {
              "Name": "name",
              "Type": "System.String"
            },
            {
              "Name": "value",
              "Type": "System.String"
            }
          ],
          "ReturnType": "System.String",
          "Static": true,
          "Visibility": "Public",
          "GenericParameter": []
        },
        {
          "Kind": "Method",
          "Name": "AddQueryString",
          "Parameters": [
            {
              "Name": "uri",
              "Type": "System.String"
            },
            {
              "Name": "queryString",
              "Type": "System.Collections.Generic.IDictionary<System.String, System.String>"
            }
          ],
          "ReturnType": "System.String",
          "Static": true,
          "Visibility": "Public",
          "GenericParameter": []
        },
        {
          "Kind": "Method",
          "Name": "ParseQuery",
          "Parameters": [
            {
              "Name": "queryString",
              "Type": "System.String"
            }
          ],
          "ReturnType": "System.Collections.Generic.Dictionary<System.String, Microsoft.Extensions.Primitives.StringValues>",
          "Static": true,
          "Visibility": "Public",
          "GenericParameter": []
        },
        {
          "Kind": "Method",
          "Name": "ParseNullableQuery",
          "Parameters": [
            {
              "Name": "queryString",
              "Type": "System.String"
            }
          ],
          "ReturnType": "System.Collections.Generic.Dictionary<System.String, Microsoft.Extensions.Primitives.StringValues>",
          "Static": true,
          "Visibility": "Public",
          "GenericParameter": []
        }
      ],
      "GenericParameters": []
    },
    {
      "Name": "Microsoft.AspNetCore.WebUtilities.ReasonPhrases",
      "Visibility": "Public",
      "Kind": "Class",
      "Abstract": true,
      "Static": true,
      "Sealed": true,
      "ImplementedInterfaces": [],
      "Members": [
        {
          "Kind": "Method",
          "Name": "GetReasonPhrase",
          "Parameters": [
            {
              "Name": "statusCode",
              "Type": "System.Int32"
            }
          ],
          "ReturnType": "System.String",
          "Static": true,
          "Visibility": "Public",
          "GenericParameter": []
        }
      ],
      "GenericParameters": []
    },
    {
      "Name": "Microsoft.AspNetCore.WebUtilities.StreamHelperExtensions",
      "Visibility": "Public",
      "Kind": "Class",
      "Abstract": true,
      "Static": true,
      "Sealed": true,
      "ImplementedInterfaces": [],
      "Members": [
        {
          "Kind": "Method",
          "Name": "DrainAsync",
          "Parameters": [
            {
              "Name": "stream",
              "Type": "System.IO.Stream"
            },
            {
              "Name": "cancellationToken",
              "Type": "System.Threading.CancellationToken"
            }
          ],
          "ReturnType": "System.Threading.Tasks.Task",
          "Static": true,
          "Extension": true,
          "Visibility": "Public",
          "GenericParameter": []
        },
        {
          "Kind": "Method",
          "Name": "DrainAsync",
          "Parameters": [
            {
              "Name": "stream",
              "Type": "System.IO.Stream"
            },
            {
              "Name": "limit",
              "Type": "System.Nullable<System.Int64>"
            },
            {
              "Name": "cancellationToken",
              "Type": "System.Threading.CancellationToken"
            }
          ],
          "ReturnType": "System.Threading.Tasks.Task",
          "Static": true,
          "Extension": true,
          "Visibility": "Public",
          "GenericParameter": []
        },
        {
          "Kind": "Method",
          "Name": "DrainAsync",
          "Parameters": [
            {
              "Name": "stream",
              "Type": "System.IO.Stream"
            },
            {
              "Name": "bytePool",
              "Type": "System.Buffers.ArrayPool<System.Byte>"
            },
            {
              "Name": "limit",
              "Type": "System.Nullable<System.Int64>"
            },
            {
              "Name": "cancellationToken",
              "Type": "System.Threading.CancellationToken"
            }
          ],
          "ReturnType": "System.Threading.Tasks.Task",
          "Static": true,
          "Extension": true,
          "Visibility": "Public",
          "GenericParameter": []
        }
      ],
      "GenericParameters": []
    }
  ]
}