{
  "AssemblyIdentity": "Microsoft.Extensions.Hosting.Abstractions, Version=2.0.0.0, Culture=neutral, PublicKeyToken=adb9793829ddae60",
  "Types": [
    {
      "Name": "Microsoft.Extensions.Hosting.IHostedService",
      "Visibility": "Public",
      "Kind": "Interface",
      "Abstract": true,
      "ImplementedInterfaces": [],
      "Members": [
        {
          "Kind": "Method",
          "Name": "StartAsync",
          "Parameters": [
            {
              "Name": "cancellationToken",
              "Type": "System.Threading.CancellationToken"
            }
          ],
          "ReturnType": "System.Threading.Tasks.Task",
          "GenericParameter": []
        },
        {
          "Kind": "Method",
          "Name": "StopAsync",
          "Parameters": [
            {
              "Name": "cancellationToken",
              "Type": "System.Threading.CancellationToken"
            }
          ],
          "ReturnType": "System.Threading.Tasks.Task",
          "GenericParameter": []
        }
      ],
      "GenericParameters": []
    }
  ]
}