{
  "AssemblyIdentity": "Microsoft.AspNetCore.Server.IntegrationTesting, Version=0.4.0.0, Culture=neutral, PublicKeyToken=adb9793829ddae60",
  "Types": [
    {
      "Name": "System.Diagnostics.ProcessLoggingExtensions",
      "Visibility": "Public",
      "Kind": "Class",
      "Abstract": true,
      "Static": true,
      "Sealed": true,
      "ImplementedInterfaces": [],
      "Members": [
        {
          "Kind": "Method",
          "Name": "StartAndCaptureOutAndErrToLogger",
          "Parameters": [
            {
              "Name": "process",
              "Type": "System.Diagnostics.Process"
            },
            {
              "Name": "prefix",
              "Type": "System.String"
            },
            {
              "Name": "logger",
              "Type": "Microsoft.Extensions.Logging.ILogger"
            }
          ],
          "ReturnType": "System.Void",
          "Static": true,
          "Extension": true,
          "Visibility": "Public",
          "GenericParameter": []
        }
      ],
      "GenericParameters": []
    },
    {
      "Name": "Microsoft.AspNetCore.Server.IntegrationTesting.ApplicationType",
      "Visibility": "Public",
      "Kind": "Enumeration",
      "Sealed": true,
      "ImplementedInterfaces": [],
      "Members": [
        {
          "Kind": "Field",
          "Name": "Portable",
          "Parameters": [],
          "GenericParameter": [],
          "Literal": "0"
        },
        {
          "Kind": "Field",
          "Name": "Standalone",
          "Parameters": [],
          "GenericParameter": [],
          "Literal": "1"
        }
      ],
      "GenericParameters": []
    },
    {
      "Name": "Microsoft.AspNetCore.Server.IntegrationTesting.DeploymentParameters",
      "Visibility": "Public",
      "Kind": "Class",
      "ImplementedInterfaces": [],
      "Members": [
        {
          "Kind": "Method",
          "Name": "get_ServerType",
          "Parameters": [],
          "ReturnType": "Microsoft.AspNetCore.Server.IntegrationTesting.ServerType",
          "Visibility": "Public",
          "GenericParameter": []
        },
        {
          "Kind": "Method",
          "Name": "get_RuntimeFlavor",
          "Parameters": [],
          "ReturnType": "Microsoft.AspNetCore.Server.IntegrationTesting.RuntimeFlavor",
          "Visibility": "Public",
          "GenericParameter": []
        },
        {
          "Kind": "Method",
          "Name": "get_RuntimeArchitecture",
          "Parameters": [],
          "ReturnType": "Microsoft.AspNetCore.Server.IntegrationTesting.RuntimeArchitecture",
          "Visibility": "Public",
          "GenericParameter": []
        },
        {
          "Kind": "Method",
          "Name": "get_ApplicationBaseUriHint",
          "Parameters": [],
          "ReturnType": "System.String",
          "Visibility": "Public",
          "GenericParameter": []
        },
        {
          "Kind": "Method",
          "Name": "set_ApplicationBaseUriHint",
          "Parameters": [
            {
              "Name": "value",
              "Type": "System.String"
            }
          ],
          "ReturnType": "System.Void",
          "Visibility": "Public",
          "GenericParameter": []
        },
        {
          "Kind": "Method",
          "Name": "get_EnvironmentName",
          "Parameters": [],
          "ReturnType": "System.String",
          "Visibility": "Public",
          "GenericParameter": []
        },
        {
          "Kind": "Method",
          "Name": "set_EnvironmentName",
          "Parameters": [
            {
              "Name": "value",
              "Type": "System.String"
            }
          ],
          "ReturnType": "System.Void",
          "Visibility": "Public",
          "GenericParameter": []
        },
        {
          "Kind": "Method",
          "Name": "get_ServerConfigTemplateContent",
          "Parameters": [],
          "ReturnType": "System.String",
          "Visibility": "Public",
          "GenericParameter": []
        },
        {
          "Kind": "Method",
          "Name": "set_ServerConfigTemplateContent",
          "Parameters": [
            {
              "Name": "value",
              "Type": "System.String"
            }
          ],
          "ReturnType": "System.Void",
          "Visibility": "Public",
          "GenericParameter": []
        },
        {
          "Kind": "Method",
          "Name": "get_ServerConfigLocation",
          "Parameters": [],
          "ReturnType": "System.String",
          "Visibility": "Public",
          "GenericParameter": []
        },
        {
          "Kind": "Method",
          "Name": "set_ServerConfigLocation",
          "Parameters": [
            {
              "Name": "value",
              "Type": "System.String"
            }
          ],
          "ReturnType": "System.Void",
          "Visibility": "Public",
          "GenericParameter": []
        },
        {
          "Kind": "Method",
          "Name": "get_SiteName",
          "Parameters": [],
          "ReturnType": "System.String",
          "Visibility": "Public",
          "GenericParameter": []
        },
        {
          "Kind": "Method",
          "Name": "set_SiteName",
          "Parameters": [
            {
              "Name": "value",
              "Type": "System.String"
            }
          ],
          "ReturnType": "System.Void",
          "Visibility": "Public",
          "GenericParameter": []
        },
        {
          "Kind": "Method",
          "Name": "get_ApplicationPath",
          "Parameters": [],
          "ReturnType": "System.String",
          "Visibility": "Public",
          "GenericParameter": []
        },
        {
          "Kind": "Method",
          "Name": "get_ApplicationName",
          "Parameters": [],
          "ReturnType": "System.String",
          "Visibility": "Public",
          "GenericParameter": []
        },
        {
          "Kind": "Method",
          "Name": "set_ApplicationName",
          "Parameters": [
            {
              "Name": "value",
              "Type": "System.String"
            }
          ],
          "ReturnType": "System.Void",
          "Visibility": "Public",
          "GenericParameter": []
        },
        {
          "Kind": "Method",
          "Name": "get_TargetFramework",
          "Parameters": [],
          "ReturnType": "System.String",
          "Visibility": "Public",
          "GenericParameter": []
        },
        {
          "Kind": "Method",
          "Name": "set_TargetFramework",
          "Parameters": [
            {
              "Name": "value",
              "Type": "System.String"
            }
          ],
          "ReturnType": "System.Void",
          "Visibility": "Public",
          "GenericParameter": []
        },
        {
          "Kind": "Method",
          "Name": "get_Configuration",
          "Parameters": [],
          "ReturnType": "System.String",
          "Visibility": "Public",
          "GenericParameter": []
        },
        {
          "Kind": "Method",
          "Name": "set_Configuration",
          "Parameters": [
            {
              "Name": "value",
              "Type": "System.String"
            }
          ],
          "ReturnType": "System.Void",
          "Visibility": "Public",
          "GenericParameter": []
        },
        {
          "Kind": "Method",
          "Name": "get_AdditionalPublishParameters",
          "Parameters": [],
          "ReturnType": "System.String",
          "Visibility": "Public",
          "GenericParameter": []
        },
        {
          "Kind": "Method",
          "Name": "set_AdditionalPublishParameters",
          "Parameters": [
            {
              "Name": "value",
              "Type": "System.String"
            }
          ],
          "ReturnType": "System.Void",
          "Visibility": "Public",
          "GenericParameter": []
        },
        {
          "Kind": "Method",
          "Name": "get_PublishApplicationBeforeDeployment",
          "Parameters": [],
          "ReturnType": "System.Boolean",
          "Visibility": "Public",
          "GenericParameter": []
        },
        {
          "Kind": "Method",
          "Name": "set_PublishApplicationBeforeDeployment",
          "Parameters": [
            {
              "Name": "value",
              "Type": "System.Boolean"
            }
          ],
          "ReturnType": "System.Void",
          "Visibility": "Public",
          "GenericParameter": []
        },
        {
          "Kind": "Method",
          "Name": "get_PreservePublishedApplicationForDebugging",
          "Parameters": [],
          "ReturnType": "System.Boolean",
          "Visibility": "Public",
          "GenericParameter": []
        },
        {
          "Kind": "Method",
          "Name": "set_PreservePublishedApplicationForDebugging",
          "Parameters": [
            {
              "Name": "value",
              "Type": "System.Boolean"
            }
          ],
          "ReturnType": "System.Void",
          "Visibility": "Public",
          "GenericParameter": []
        },
        {
          "Kind": "Method",
          "Name": "get_ApplicationType",
          "Parameters": [],
          "ReturnType": "Microsoft.AspNetCore.Server.IntegrationTesting.ApplicationType",
          "Visibility": "Public",
          "GenericParameter": []
        },
        {
          "Kind": "Method",
          "Name": "set_ApplicationType",
          "Parameters": [
            {
              "Name": "value",
              "Type": "Microsoft.AspNetCore.Server.IntegrationTesting.ApplicationType"
            }
          ],
          "ReturnType": "System.Void",
          "Visibility": "Public",
          "GenericParameter": []
        },
        {
          "Kind": "Method",
          "Name": "get_PublishedApplicationRootPath",
          "Parameters": [],
          "ReturnType": "System.String",
          "Visibility": "Public",
          "GenericParameter": []
        },
        {
          "Kind": "Method",
          "Name": "set_PublishedApplicationRootPath",
          "Parameters": [
            {
              "Name": "value",
              "Type": "System.String"
            }
          ],
          "ReturnType": "System.Void",
          "Visibility": "Public",
          "GenericParameter": []
        },
        {
          "Kind": "Method",
          "Name": "get_EnvironmentVariables",
          "Parameters": [],
          "ReturnType": "System.Collections.Generic.List<System.Collections.Generic.KeyValuePair<System.String, System.String>>",
          "Visibility": "Public",
          "GenericParameter": []
        },
        {
          "Kind": "Method",
          "Name": "get_PublishEnvironmentVariables",
          "Parameters": [],
          "ReturnType": "System.Collections.Generic.List<System.Collections.Generic.KeyValuePair<System.String, System.String>>",
          "Visibility": "Public",
          "GenericParameter": []
        },
        {
          "Kind": "Method",
          "Name": "get_UserAdditionalCleanup",
          "Parameters": [],
          "ReturnType": "System.Action<Microsoft.AspNetCore.Server.IntegrationTesting.DeploymentParameters>",
          "Visibility": "Public",
          "GenericParameter": []
        },
        {
          "Kind": "Method",
          "Name": "set_UserAdditionalCleanup",
          "Parameters": [
            {
              "Name": "value",
              "Type": "System.Action<Microsoft.AspNetCore.Server.IntegrationTesting.DeploymentParameters>"
            }
          ],
          "ReturnType": "System.Void",
          "Visibility": "Public",
          "GenericParameter": []
        },
        {
          "Kind": "Method",
          "Name": "ToString",
          "Parameters": [],
          "ReturnType": "System.String",
          "Virtual": true,
          "Override": true,
          "Visibility": "Public",
          "GenericParameter": []
        },
        {
          "Kind": "Constructor",
          "Name": ".ctor",
          "Parameters": [
            {
              "Name": "applicationPath",
              "Type": "System.String"
            },
            {
              "Name": "serverType",
              "Type": "Microsoft.AspNetCore.Server.IntegrationTesting.ServerType"
            },
            {
              "Name": "runtimeFlavor",
              "Type": "Microsoft.AspNetCore.Server.IntegrationTesting.RuntimeFlavor"
            },
            {
              "Name": "runtimeArchitecture",
              "Type": "Microsoft.AspNetCore.Server.IntegrationTesting.RuntimeArchitecture"
            }
          ],
          "Visibility": "Public",
          "GenericParameter": []
        }
      ],
      "GenericParameters": []
    },
    {
      "Name": "Microsoft.AspNetCore.Server.IntegrationTesting.DeploymentResult",
      "Visibility": "Public",
      "Kind": "Class",
      "ImplementedInterfaces": [],
      "Members": [
        {
          "Kind": "Method",
          "Name": "get_ApplicationBaseUri",
          "Parameters": [],
          "ReturnType": "System.String",
          "Visibility": "Public",
          "GenericParameter": []
        },
        {
          "Kind": "Method",
          "Name": "get_ContentRoot",
          "Parameters": [],
          "ReturnType": "System.String",
          "Visibility": "Public",
          "GenericParameter": []
        },
        {
          "Kind": "Method",
          "Name": "get_DeploymentParameters",
          "Parameters": [],
          "ReturnType": "Microsoft.AspNetCore.Server.IntegrationTesting.DeploymentParameters",
          "Visibility": "Public",
          "GenericParameter": []
        },
        {
          "Kind": "Method",
          "Name": "get_HostShutdownToken",
          "Parameters": [],
          "ReturnType": "System.Threading.CancellationToken",
          "Visibility": "Public",
          "GenericParameter": []
        },
        {
          "Kind": "Method",
          "Name": "get_HttpClient",
          "Parameters": [],
          "ReturnType": "System.Net.Http.HttpClient",
          "Visibility": "Public",
          "GenericParameter": []
        },
        {
          "Kind": "Method",
          "Name": "CreateHttpClient",
          "Parameters": [
            {
              "Name": "baseHandler",
              "Type": "System.Net.Http.HttpMessageHandler"
            }
          ],
          "ReturnType": "System.Net.Http.HttpClient",
          "Visibility": "Public",
          "GenericParameter": []
        },
        {
          "Kind": "Constructor",
          "Name": ".ctor",
          "Parameters": [
            {
              "Name": "loggerFactory",
              "Type": "Microsoft.Extensions.Logging.ILoggerFactory"
            },
            {
              "Name": "deploymentParameters",
              "Type": "Microsoft.AspNetCore.Server.IntegrationTesting.DeploymentParameters"
            },
            {
              "Name": "applicationBaseUri",
              "Type": "System.String"
            }
          ],
          "Visibility": "Public",
          "GenericParameter": []
        },
        {
          "Kind": "Constructor",
          "Name": ".ctor",
          "Parameters": [
            {
              "Name": "loggerFactory",
              "Type": "Microsoft.Extensions.Logging.ILoggerFactory"
            },
            {
              "Name": "deploymentParameters",
              "Type": "Microsoft.AspNetCore.Server.IntegrationTesting.DeploymentParameters"
            },
            {
              "Name": "applicationBaseUri",
              "Type": "System.String"
            },
            {
              "Name": "contentRoot",
              "Type": "System.String"
            },
            {
              "Name": "hostShutdownToken",
              "Type": "System.Threading.CancellationToken"
            }
          ],
          "Visibility": "Public",
          "GenericParameter": []
        }
      ],
      "GenericParameters": []
    },
    {
      "Name": "Microsoft.AspNetCore.Server.IntegrationTesting.RetryHelper",
      "Visibility": "Public",
      "Kind": "Class",
      "ImplementedInterfaces": [],
      "Members": [
        {
          "Kind": "Method",
          "Name": "RetryRequest",
          "Parameters": [
            {
              "Name": "retryBlock",
              "Type": "System.Func<System.Threading.Tasks.Task<System.Net.Http.HttpResponseMessage>>"
            },
            {
              "Name": "logger",
              "Type": "Microsoft.Extensions.Logging.ILogger"
            },
            {
              "Name": "cancellationToken",
              "Type": "System.Threading.CancellationToken",
              "DefaultValue": "default(System.Threading.CancellationToken)"
            },
            {
              "Name": "retryCount",
              "Type": "System.Int32",
              "DefaultValue": "60"
            }
          ],
          "ReturnType": "System.Threading.Tasks.Task<System.Net.Http.HttpResponseMessage>",
          "Static": true,
          "Visibility": "Public",
          "GenericParameter": []
        },
        {
          "Kind": "Method",
          "Name": "RetryOperation",
          "Parameters": [
            {
              "Name": "retryBlock",
              "Type": "System.Action"
            },
            {
              "Name": "exceptionBlock",
              "Type": "System.Action<System.Exception>"
            },
            {
              "Name": "retryCount",
              "Type": "System.Int32",
              "DefaultValue": "3"
            },
            {
              "Name": "retryDelayMilliseconds",
              "Type": "System.Int32",
              "DefaultValue": "0"
            }
          ],
          "ReturnType": "System.Void",
          "Static": true,
          "Visibility": "Public",
          "GenericParameter": []
        },
        {
          "Kind": "Constructor",
          "Name": ".ctor",
          "Parameters": [],
          "Visibility": "Public",
          "GenericParameter": []
        }
      ],
      "GenericParameters": []
    },
    {
      "Name": "Microsoft.AspNetCore.Server.IntegrationTesting.RuntimeArchitecture",
      "Visibility": "Public",
      "Kind": "Enumeration",
      "Sealed": true,
      "ImplementedInterfaces": [],
      "Members": [
        {
          "Kind": "Field",
          "Name": "x64",
          "Parameters": [],
          "GenericParameter": [],
          "Literal": "0"
        },
        {
          "Kind": "Field",
          "Name": "x86",
          "Parameters": [],
          "GenericParameter": [],
          "Literal": "1"
        }
      ],
      "GenericParameters": []
    },
    {
      "Name": "Microsoft.AspNetCore.Server.IntegrationTesting.RuntimeFlavor",
      "Visibility": "Public",
      "Kind": "Enumeration",
      "Sealed": true,
      "ImplementedInterfaces": [],
      "Members": [
        {
          "Kind": "Field",
          "Name": "Clr",
          "Parameters": [],
          "GenericParameter": [],
          "Literal": "0"
        },
        {
          "Kind": "Field",
          "Name": "CoreClr",
          "Parameters": [],
          "GenericParameter": [],
          "Literal": "1"
        }
      ],
      "GenericParameters": []
    },
    {
      "Name": "Microsoft.AspNetCore.Server.IntegrationTesting.ServerType",
      "Visibility": "Public",
      "Kind": "Enumeration",
      "Sealed": true,
      "ImplementedInterfaces": [],
      "Members": [
        {
          "Kind": "Field",
          "Name": "IISExpress",
          "Parameters": [],
          "GenericParameter": [],
          "Literal": "0"
        },
        {
          "Kind": "Field",
          "Name": "IIS",
          "Parameters": [],
          "GenericParameter": [],
          "Literal": "1"
        },
        {
          "Kind": "Field",
          "Name": "WebListener",
          "Parameters": [],
          "GenericParameter": [],
          "Literal": "2"
        },
        {
          "Kind": "Field",
          "Name": "Kestrel",
          "Parameters": [],
          "GenericParameter": [],
          "Literal": "3"
        },
        {
          "Kind": "Field",
          "Name": "Nginx",
          "Parameters": [],
          "GenericParameter": [],
          "Literal": "4"
        }
      ],
      "GenericParameters": []
    },
    {
      "Name": "Microsoft.AspNetCore.Server.IntegrationTesting.ApplicationDeployer",
      "Visibility": "Public",
      "Kind": "Class",
      "Abstract": true,
      "ImplementedInterfaces": [
        "Microsoft.AspNetCore.Server.IntegrationTesting.IApplicationDeployer"
      ],
      "Members": [
        {
          "Kind": "Method",
          "Name": "get_DeploymentParameters",
          "Parameters": [],
          "ReturnType": "Microsoft.AspNetCore.Server.IntegrationTesting.DeploymentParameters",
          "Visibility": "Protected",
          "GenericParameter": []
        },
        {
          "Kind": "Method",
          "Name": "get_LoggerFactory",
          "Parameters": [],
          "ReturnType": "Microsoft.Extensions.Logging.ILoggerFactory",
          "Visibility": "Protected",
          "GenericParameter": []
        },
        {
          "Kind": "Method",
          "Name": "get_Logger",
          "Parameters": [],
          "ReturnType": "Microsoft.Extensions.Logging.ILogger",
          "Visibility": "Protected",
          "GenericParameter": []
        },
        {
          "Kind": "Method",
          "Name": "DeployAsync",
          "Parameters": [],
          "ReturnType": "System.Threading.Tasks.Task<Microsoft.AspNetCore.Server.IntegrationTesting.DeploymentResult>",
          "Virtual": true,
          "Abstract": true,
          "ImplementedInterface": "Microsoft.AspNetCore.Server.IntegrationTesting.IApplicationDeployer",
          "Visibility": "Public",
          "GenericParameter": []
        },
        {
          "Kind": "Method",
          "Name": "DotnetPublish",
          "Parameters": [
            {
              "Name": "publishRoot",
              "Type": "System.String",
              "DefaultValue": "null"
            }
          ],
          "ReturnType": "System.Void",
          "Visibility": "Protected",
          "GenericParameter": []
        },
        {
          "Kind": "Method",
          "Name": "CleanPublishedOutput",
          "Parameters": [],
          "ReturnType": "System.Void",
          "Visibility": "Protected",
          "GenericParameter": []
        },
        {
          "Kind": "Method",
          "Name": "ShutDownIfAnyHostProcess",
          "Parameters": [
            {
              "Name": "hostProcess",
              "Type": "System.Diagnostics.Process"
            }
          ],
          "ReturnType": "System.Void",
          "Visibility": "Protected",
          "GenericParameter": []
        },
        {
          "Kind": "Method",
          "Name": "AddEnvironmentVariablesToProcess",
          "Parameters": [
            {
              "Name": "startInfo",
              "Type": "System.Diagnostics.ProcessStartInfo"
            },
            {
              "Name": "environmentVariables",
              "Type": "System.Collections.Generic.List<System.Collections.Generic.KeyValuePair<System.String, System.String>>"
            }
          ],
          "ReturnType": "System.Void",
          "Visibility": "Protected",
          "GenericParameter": []
        },
        {
          "Kind": "Method",
          "Name": "SetEnvironmentVariable",
          "Parameters": [
            {
              "Name": "environment",
              "Type": "System.Collections.Generic.IDictionary<System.String, System.String>"
            },
            {
              "Name": "name",
              "Type": "System.String"
            },
            {
              "Name": "value",
              "Type": "System.String"
            }
          ],
          "ReturnType": "System.Void",
          "Visibility": "Protected",
          "GenericParameter": []
        },
        {
          "Kind": "Method",
          "Name": "InvokeUserApplicationCleanup",
          "Parameters": [],
          "ReturnType": "System.Void",
          "Visibility": "Protected",
          "GenericParameter": []
        },
        {
          "Kind": "Method",
          "Name": "TriggerHostShutdown",
          "Parameters": [
            {
              "Name": "hostShutdownSource",
              "Type": "System.Threading.CancellationTokenSource"
            }
          ],
          "ReturnType": "System.Void",
          "Visibility": "Protected",
          "GenericParameter": []
        },
        {
          "Kind": "Method",
          "Name": "StartTimer",
          "Parameters": [],
          "ReturnType": "System.Void",
          "Visibility": "Protected",
          "GenericParameter": []
        },
        {
          "Kind": "Method",
          "Name": "StopTimer",
          "Parameters": [],
          "ReturnType": "System.Void",
          "Visibility": "Protected",
          "GenericParameter": []
        },
        {
          "Kind": "Method",
          "Name": "Dispose",
          "Parameters": [],
          "ReturnType": "System.Void",
          "Virtual": true,
          "Abstract": true,
          "ImplementedInterface": "System.IDisposable",
          "Visibility": "Public",
          "GenericParameter": []
        },
        {
          "Kind": "Constructor",
          "Name": ".ctor",
          "Parameters": [
            {
              "Name": "deploymentParameters",
              "Type": "Microsoft.AspNetCore.Server.IntegrationTesting.DeploymentParameters"
            },
            {
              "Name": "loggerFactory",
              "Type": "Microsoft.Extensions.Logging.ILoggerFactory"
            }
          ],
          "Visibility": "Public",
          "GenericParameter": []
        },
        {
          "Kind": "Field",
          "Name": "DotnetCommandName",
          "Parameters": [],
          "ReturnType": "System.String",
          "Static": true,
          "ReadOnly": true,
          "Visibility": "Public",
          "GenericParameter": []
        },
        {
          "Kind": "Field",
          "Name": "DotnetArgumentSeparator",
          "Parameters": [],
          "ReturnType": "System.String",
          "Static": true,
          "ReadOnly": true,
          "Visibility": "Public",
          "GenericParameter": []
        }
      ],
      "GenericParameters": []
    },
    {
      "Name": "Microsoft.AspNetCore.Server.IntegrationTesting.ApplicationDeployerFactory",
      "Visibility": "Public",
      "Kind": "Class",
      "ImplementedInterfaces": [],
      "Members": [
        {
          "Kind": "Method",
          "Name": "Create",
          "Parameters": [
            {
              "Name": "deploymentParameters",
              "Type": "Microsoft.AspNetCore.Server.IntegrationTesting.DeploymentParameters"
            },
            {
              "Name": "loggerFactory",
              "Type": "Microsoft.Extensions.Logging.ILoggerFactory"
            }
          ],
          "ReturnType": "Microsoft.AspNetCore.Server.IntegrationTesting.IApplicationDeployer",
          "Static": true,
          "Visibility": "Public",
          "GenericParameter": []
        },
        {
          "Kind": "Constructor",
          "Name": ".ctor",
          "Parameters": [],
          "Visibility": "Public",
          "GenericParameter": []
        }
      ],
      "GenericParameters": []
    },
    {
      "Name": "Microsoft.AspNetCore.Server.IntegrationTesting.IApplicationDeployer",
      "Visibility": "Public",
      "Kind": "Interface",
      "Abstract": true,
      "ImplementedInterfaces": [
        "System.IDisposable"
      ],
      "Members": [
        {
          "Kind": "Method",
          "Name": "DeployAsync",
          "Parameters": [],
          "ReturnType": "System.Threading.Tasks.Task<Microsoft.AspNetCore.Server.IntegrationTesting.DeploymentResult>",
          "GenericParameter": []
        }
      ],
      "GenericParameters": []
    },
    {
      "Name": "Microsoft.AspNetCore.Server.IntegrationTesting.IISExpressDeployer",
      "Visibility": "Public",
      "Kind": "Class",
      "BaseType": "Microsoft.AspNetCore.Server.IntegrationTesting.ApplicationDeployer",
      "ImplementedInterfaces": [],
      "Members": [
        {
          "Kind": "Method",
          "Name": "get_IsWin8OrLater",
          "Parameters": [],
          "ReturnType": "System.Boolean",
          "Visibility": "Public",
          "GenericParameter": []
        },
        {
          "Kind": "Method",
          "Name": "get_Is64BitHost",
          "Parameters": [],
          "ReturnType": "System.Boolean",
          "Visibility": "Public",
          "GenericParameter": []
        },
        {
          "Kind": "Method",
          "Name": "DeployAsync",
          "Parameters": [],
          "ReturnType": "System.Threading.Tasks.Task<Microsoft.AspNetCore.Server.IntegrationTesting.DeploymentResult>",
          "Virtual": true,
          "Override": true,
          "ImplementedInterface": "Microsoft.AspNetCore.Server.IntegrationTesting.IApplicationDeployer",
          "Visibility": "Public",
          "GenericParameter": []
        },
        {
          "Kind": "Method",
          "Name": "Dispose",
          "Parameters": [],
          "ReturnType": "System.Void",
          "Virtual": true,
          "Override": true,
          "ImplementedInterface": "System.IDisposable",
          "Visibility": "Public",
          "GenericParameter": []
        },
        {
          "Kind": "Constructor",
          "Name": ".ctor",
          "Parameters": [
            {
              "Name": "deploymentParameters",
              "Type": "Microsoft.AspNetCore.Server.IntegrationTesting.DeploymentParameters"
            },
            {
              "Name": "loggerFactory",
              "Type": "Microsoft.Extensions.Logging.ILoggerFactory"
            }
          ],
          "Visibility": "Public",
          "GenericParameter": []
        }
      ],
      "GenericParameters": []
    },
    {
      "Name": "Microsoft.AspNetCore.Server.IntegrationTesting.NginxDeployer",
      "Visibility": "Public",
      "Kind": "Class",
      "BaseType": "Microsoft.AspNetCore.Server.IntegrationTesting.SelfHostDeployer",
      "ImplementedInterfaces": [],
      "Members": [
        {
          "Kind": "Method",
          "Name": "DeployAsync",
          "Parameters": [],
          "ReturnType": "System.Threading.Tasks.Task<Microsoft.AspNetCore.Server.IntegrationTesting.DeploymentResult>",
          "Virtual": true,
          "Override": true,
          "ImplementedInterface": "Microsoft.AspNetCore.Server.IntegrationTesting.IApplicationDeployer",
          "Visibility": "Public",
          "GenericParameter": []
        },
        {
          "Kind": "Method",
          "Name": "Dispose",
          "Parameters": [],
          "ReturnType": "System.Void",
          "Virtual": true,
          "Override": true,
          "ImplementedInterface": "System.IDisposable",
          "Visibility": "Public",
          "GenericParameter": []
        },
        {
          "Kind": "Constructor",
          "Name": ".ctor",
          "Parameters": [
            {
              "Name": "deploymentParameters",
              "Type": "Microsoft.AspNetCore.Server.IntegrationTesting.DeploymentParameters"
            },
            {
              "Name": "loggerFactory",
              "Type": "Microsoft.Extensions.Logging.ILoggerFactory"
            }
          ],
          "Visibility": "Public",
          "GenericParameter": []
        }
      ],
      "GenericParameters": []
    },
    {
      "Name": "Microsoft.AspNetCore.Server.IntegrationTesting.RemoteWindowsDeployer",
      "Visibility": "Public",
      "Kind": "Class",
      "BaseType": "Microsoft.AspNetCore.Server.IntegrationTesting.ApplicationDeployer",
      "ImplementedInterfaces": [],
      "Members": [
        {
          "Kind": "Method",
          "Name": "DeployAsync",
          "Parameters": [],
          "ReturnType": "System.Threading.Tasks.Task<Microsoft.AspNetCore.Server.IntegrationTesting.DeploymentResult>",
          "Virtual": true,
          "Override": true,
          "ImplementedInterface": "Microsoft.AspNetCore.Server.IntegrationTesting.IApplicationDeployer",
          "Visibility": "Public",
          "GenericParameter": []
        },
        {
          "Kind": "Method",
          "Name": "Dispose",
          "Parameters": [],
          "ReturnType": "System.Void",
          "Virtual": true,
          "Override": true,
          "ImplementedInterface": "System.IDisposable",
          "Visibility": "Public",
          "GenericParameter": []
        },
        {
          "Kind": "Constructor",
          "Name": ".ctor",
          "Parameters": [
            {
              "Name": "deploymentParameters",
              "Type": "Microsoft.AspNetCore.Server.IntegrationTesting.RemoteWindowsDeploymentParameters"
            },
            {
              "Name": "loggerFactory",
              "Type": "Microsoft.Extensions.Logging.ILoggerFactory"
            }
          ],
          "Visibility": "Public",
          "GenericParameter": []
        }
      ],
      "GenericParameters": []
    },
    {
      "Name": "Microsoft.AspNetCore.Server.IntegrationTesting.RemoteWindowsDeploymentParameters",
      "Visibility": "Public",
      "Kind": "Class",
      "BaseType": "Microsoft.AspNetCore.Server.IntegrationTesting.DeploymentParameters",
      "ImplementedInterfaces": [],
      "Members": [
        {
          "Kind": "Method",
          "Name": "get_ServerName",
          "Parameters": [],
          "ReturnType": "System.String",
          "Visibility": "Public",
          "GenericParameter": []
        },
        {
          "Kind": "Method",
          "Name": "get_ServerAccountName",
          "Parameters": [],
          "ReturnType": "System.String",
          "Visibility": "Public",
          "GenericParameter": []
        },
        {
          "Kind": "Method",
          "Name": "get_ServerAccountPassword",
          "Parameters": [],
          "ReturnType": "System.String",
          "Visibility": "Public",
          "GenericParameter": []
        },
        {
          "Kind": "Method",
          "Name": "get_DotnetRuntimePath",
          "Parameters": [],
          "ReturnType": "System.String",
          "Visibility": "Public",
          "GenericParameter": []
        },
        {
          "Kind": "Method",
          "Name": "get_RemoteServerFileSharePath",
          "Parameters": [],
          "ReturnType": "System.String",
          "Visibility": "Public",
          "GenericParameter": []
        },
        {
          "Kind": "Constructor",
          "Name": ".ctor",
          "Parameters": [
            {
              "Name": "applicationPath",
              "Type": "System.String"
            },
            {
              "Name": "dotnetRuntimePath",
              "Type": "System.String"
            },
            {
              "Name": "serverType",
              "Type": "Microsoft.AspNetCore.Server.IntegrationTesting.ServerType"
            },
            {
              "Name": "runtimeFlavor",
              "Type": "Microsoft.AspNetCore.Server.IntegrationTesting.RuntimeFlavor"
            },
            {
              "Name": "runtimeArchitecture",
              "Type": "Microsoft.AspNetCore.Server.IntegrationTesting.RuntimeArchitecture"
            },
            {
              "Name": "remoteServerFileSharePath",
              "Type": "System.String"
            },
            {
              "Name": "remoteServerName",
              "Type": "System.String"
            },
            {
              "Name": "remoteServerAccountName",
              "Type": "System.String"
            },
            {
              "Name": "remoteServerAccountPassword",
              "Type": "System.String"
            }
          ],
          "Visibility": "Public",
          "GenericParameter": []
        }
      ],
      "GenericParameters": []
    },
    {
      "Name": "Microsoft.AspNetCore.Server.IntegrationTesting.SelfHostDeployer",
      "Visibility": "Public",
      "Kind": "Class",
      "BaseType": "Microsoft.AspNetCore.Server.IntegrationTesting.ApplicationDeployer",
      "ImplementedInterfaces": [],
      "Members": [
        {
          "Kind": "Method",
          "Name": "get_HostProcess",
          "Parameters": [],
          "ReturnType": "System.Diagnostics.Process",
          "Visibility": "Public",
          "GenericParameter": []
        },
        {
          "Kind": "Method",
          "Name": "DeployAsync",
          "Parameters": [],
          "ReturnType": "System.Threading.Tasks.Task<Microsoft.AspNetCore.Server.IntegrationTesting.DeploymentResult>",
          "Virtual": true,
          "Override": true,
          "ImplementedInterface": "Microsoft.AspNetCore.Server.IntegrationTesting.IApplicationDeployer",
          "Visibility": "Public",
          "GenericParameter": []
        },
        {
          "Kind": "Method",
          "Name": "StartSelfHostAsync",
          "Parameters": [
            {
              "Name": "hintUrl",
              "Type": "System.Uri"
            }
          ],
          "ReturnType": "System.Threading.Tasks.Task<System.ValueTuple<System.Uri, System.Threading.CancellationToken>>",
          "Visibility": "Protected",
          "GenericParameter": []
        },
        {
          "Kind": "Method",
          "Name": "Dispose",
          "Parameters": [],
          "ReturnType": "System.Void",
          "Virtual": true,
          "Override": true,
          "ImplementedInterface": "System.IDisposable",
          "Visibility": "Public",
          "GenericParameter": []
        },
        {
          "Kind": "Constructor",
          "Name": ".ctor",
          "Parameters": [
            {
              "Name": "deploymentParameters",
              "Type": "Microsoft.AspNetCore.Server.IntegrationTesting.DeploymentParameters"
            },
            {
              "Name": "loggerFactory",
              "Type": "Microsoft.Extensions.Logging.ILoggerFactory"
            }
          ],
          "Visibility": "Public",
          "GenericParameter": []
        }
      ],
      "GenericParameters": []
    },
    {
      "Name": "Microsoft.AspNetCore.Server.IntegrationTesting.SkipIfEnvironmentVariableNotEnabledAttribute",
      "Visibility": "Public",
      "Kind": "Class",
      "BaseType": "System.Attribute",
      "ImplementedInterfaces": [
        "Microsoft.AspNetCore.Testing.xunit.ITestCondition"
      ],
      "Members": [
        {
          "Kind": "Method",
          "Name": "get_IsMet",
          "Parameters": [],
          "ReturnType": "System.Boolean",
          "Sealed": true,
          "Virtual": true,
          "ImplementedInterface": "Microsoft.AspNetCore.Testing.xunit.ITestCondition",
          "Visibility": "Public",
          "GenericParameter": []
        },
        {
          "Kind": "Method",
          "Name": "get_SkipReason",
          "Parameters": [],
          "ReturnType": "System.String",
          "Sealed": true,
          "Virtual": true,
          "ImplementedInterface": "Microsoft.AspNetCore.Testing.xunit.ITestCondition",
          "Visibility": "Public",
          "GenericParameter": []
        },
        {
          "Kind": "Method",
          "Name": "get_AdditionalInfo",
          "Parameters": [],
          "ReturnType": "System.String",
          "Visibility": "Public",
          "GenericParameter": []
        },
        {
          "Kind": "Method",
          "Name": "set_AdditionalInfo",
          "Parameters": [
            {
              "Name": "value",
              "Type": "System.String"
            }
          ],
          "ReturnType": "System.Void",
          "Visibility": "Public",
          "GenericParameter": []
        },
        {
          "Kind": "Constructor",
          "Name": ".ctor",
          "Parameters": [
            {
              "Name": "environmentVariableName",
              "Type": "System.String"
            }
          ],
          "Visibility": "Public",
          "GenericParameter": []
        }
      ],
      "GenericParameters": []
    },
    {
      "Name": "Microsoft.AspNetCore.Server.IntegrationTesting.SkipOn32BitOSAttribute",
      "Visibility": "Public",
      "Kind": "Class",
      "BaseType": "System.Attribute",
      "ImplementedInterfaces": [
        "Microsoft.AspNetCore.Testing.xunit.ITestCondition"
      ],
      "Members": [
        {
          "Kind": "Method",
          "Name": "get_IsMet",
          "Parameters": [],
          "ReturnType": "System.Boolean",
          "Sealed": true,
          "Virtual": true,
          "ImplementedInterface": "Microsoft.AspNetCore.Testing.xunit.ITestCondition",
          "Visibility": "Public",
          "GenericParameter": []
        },
        {
          "Kind": "Method",
          "Name": "get_SkipReason",
          "Parameters": [],
          "ReturnType": "System.String",
          "Sealed": true,
          "Virtual": true,
          "ImplementedInterface": "Microsoft.AspNetCore.Testing.xunit.ITestCondition",
          "Visibility": "Public",
          "GenericParameter": []
        },
        {
          "Kind": "Constructor",
          "Name": ".ctor",
          "Parameters": [],
          "Visibility": "Public",
          "GenericParameter": []
        }
      ],
      "GenericParameters": []
    },
    {
      "Name": "Microsoft.AspNetCore.Server.IntegrationTesting.Common.TestUriHelper",
      "Visibility": "Public",
      "Kind": "Class",
      "Abstract": true,
      "Static": true,
      "Sealed": true,
      "ImplementedInterfaces": [],
      "Members": [
        {
          "Kind": "Method",
          "Name": "BuildTestUri",
          "Parameters": [],
          "ReturnType": "System.Uri",
          "Static": true,
          "Visibility": "Public",
          "GenericParameter": []
        },
        {
          "Kind": "Method",
          "Name": "BuildTestUri",
          "Parameters": [
            {
              "Name": "hint",
              "Type": "System.String"
            }
          ],
          "ReturnType": "System.Uri",
          "Static": true,
          "Visibility": "Public",
          "GenericParameter": []
        },
        {
          "Kind": "Method",
          "Name": "GetNextPort",
          "Parameters": [],
          "ReturnType": "System.Int32",
          "Static": true,
          "Visibility": "Public",
          "GenericParameter": []
        }
      ],
      "GenericParameters": []
    }
  ]
}